reporter_name,reporter_iso,year,trade_pct_of_gdp
Afghanistan,AFG,2024,83.763025087768
Afghanistan,AFG,2023,66.9995780621951
Afghanistan,AFG,2022,72.8854696086536
Afghanistan,AFG,2021,51.4117163747271
Afghanistan,AFG,2020,46.7098945514103
Afghanistan,AFG,2019,
Afghanistan,AFG,2018,
Afghanistan,AFG,2017,
Afghanistan,AFG,2016,
Afghanistan,AFG,2015,
Albania,ALB,2024,79.4546360752224
Albania,ALB,2023,82.3524933990723
Albania,ALB,2022,84.6980435944865
Albania,ALB,2021,75.5904040905009
Albania,ALB,2020,59.5206994391875
Albania,ALB,2019,75.382128932689
Albania,ALB,2018,75.6940783717425
Albania,ALB,2017,76.7873817898989
Albania,ALB,2016,74.0144504546815
Albania,ALB,2015,71.2794476606014
Algeria,DZA,2024,40.1345741170703
Algeria,DZA,2023,43.7397984507007
Algeria,DZA,2022,51.1900893683897
Algeria,DZA,2021,46.8370592599607
Algeria,DZA,2020,40.3897565625388
Algeria,DZA,2019,46.5068426081672
Algeria,DZA,2018,52.4361676779223
Algeria,DZA,2017,49.8208161712587
Algeria,DZA,2016,49.7609327925216
Algeria,DZA,2015,53.2046225904145
American Samoa,ASM,2024,
American Samoa,ASM,2023,
American Samoa,ASM,2022,124.684270952928
American Samoa,ASM,2021,136.8
American Samoa,ASM,2020,154.368932038835
American Samoa,ASM,2019,156.568778979907
American Samoa,ASM,2018,171.830985915493
American Samoa,ASM,2017,161.437908496732
American Samoa,ASM,2016,159.165424739195
American Samoa,ASM,2015,162.407132243685
Andorra,AND,2024,
Andorra,AND,2023,
Andorra,AND,2022,
Andorra,AND,2021,
Andorra,AND,2020,
Andorra,AND,2019,
Andorra,AND,2018,
Andorra,AND,2017,
Andorra,AND,2016,
Andorra,AND,2015,
Angola,AGO,2024,49.8489506740963
Angola,AGO,2023,53.6070126498686
Angola,AGO,2022,56.5380722280743
Angola,AGO,2021,62.5287705320674
Angola,AGO,2020,54.6604030683749
Angola,AGO,2019,60.3713068739603
Angola,AGO,2018,58.2698953890633
Angola,AGO,2017,44.9963253203189
Angola,AGO,2016,46.3256130571521
Angola,AGO,2015,54.9793808780995
Antigua and Barbuda,ATG,2024,
Antigua and Barbuda,ATG,2023,
Antigua and Barbuda,ATG,2022,118.302584056113
Antigua and Barbuda,ATG,2021,101.074960584779
Antigua and Barbuda,ATG,2020,94.289529886499
Antigua and Barbuda,ATG,2019,137.537783631991
Antigua and Barbuda,ATG,2018,130.655152659419
Antigua and Barbuda,ATG,2017,127.664323582144
Antigua and Barbuda,ATG,2016,132.025917905085
Antigua and Barbuda,ATG,2015,130.071549851721
Argentina,ARG,2024,27.929760849367
Argentina,ARG,2023,26.6769512482215
Argentina,ARG,2022,31.5801792606256
Argentina,ARG,2021,33.078689567466
Argentina,ARG,2020,30.203698807416
Argentina,ARG,2019,32.6306150458499
Argentina,ARG,2018,30.7625359549926
Argentina,ARG,2017,25.2896011376779
Argentina,ARG,2016,26.0938878488799
Argentina,ARG,2015,22.4862260889792
Armenia,ARM,2024,150.064726588742
Armenia,ARM,2023,123.418750077627
Armenia,ARM,2022,103.878629213508
Armenia,ARM,2021,79.2489057647112
Armenia,ARM,2020,70.1213571368789
Armenia,ARM,2019,97.847004865327
Armenia,ARM,2018,92.473107021212
Armenia,ARM,2017,87.202376539837
Armenia,ARM,2016,76.0779674593548
Armenia,ARM,2015,71.6820743427575
Aruba,ABW,2024,164.138645148918
Aruba,ABW,2023,153.719158343959
Aruba,ABW,2022,160.558140997897
Aruba,ABW,2021,139.510902584073
Aruba,ABW,2020,123.24050373078
Aruba,ABW,2019,137.923249273411
Aruba,ABW,2018,138.824972245657
Aruba,ABW,2017,138.716620095236
Aruba,ABW,2016,136.887263320827
Aruba,ABW,2015,140.493001133496
Australia,AUS,2024,47.1453811065195
Australia,AUS,2023,49.044339318428
Australia,AUS,2022,45.6946418805752
Australia,AUS,2021,40.2022359390595
Australia,AUS,2020,44.499564103879
Australia,AUS,2019,46.0016827052171
Australia,AUS,2018,43.5732253645218
Australia,AUS,2017,42.0354135251854
Australia,AUS,2016,40.813402217321
Australia,AUS,2015,41.4947506939901
Austria,AUT,2024,108.825777834405
Austria,AUT,2023,115.152914822732
Austria,AUT,2022,123.579578652902
Austria,AUT,2021,111.032932124165
Austria,AUT,2020,99.9482141095975
Austria,AUT,2019,108.207284904426
Austria,AUT,2018,108.377969971828
Austria,AUT,2017,105.556066755438
Austria,AUT,2016,101.573494597172
Austria,AUT,2015,103.11758174626
Azerbaijan,AZE,2024,82.5675246316515
Azerbaijan,AZE,2023,83.5358861156321
Azerbaijan,AZE,2022,86.9822732541779
Azerbaijan,AZE,2021,76.286865687015
Azerbaijan,AZE,2020,72.0178676487811
Azerbaijan,AZE,2019,85.8181454084561
Azerbaijan,AZE,2018,91.6725765369825
Azerbaijan,AZE,2017,90.4023156823216
Azerbaijan,AZE,2016,90.0773187345677
Azerbaijan,AZE,2015,72.6015079073189
"Bahamas, The",BHS,2024,79.2424586933455
"Bahamas, The",BHS,2023,76.5494751592857
"Bahamas, The",BHS,2022,75.9829601059237
"Bahamas, The",BHS,2021,65.9325413308964
"Bahamas, The",BHS,2020,53.4207580670063
"Bahamas, The",BHS,2019,68.7866234842208
"Bahamas, The",BHS,2018,72.1542685971043
"Bahamas, The",BHS,2017,68.334284038596
"Bahamas, The",BHS,2016,67.212921580015
"Bahamas, The",BHS,2015,69.6779752652565
Bahrain,BHR,2024,157.480869430187
Bahrain,BHR,2023,157.447854682297
Bahrain,BHR,2022,167.141241152535
Bahrain,BHR,2021,153.799316485108
Bahrain,BHR,2020,135.460985012931
Bahrain,BHR,2019,135.417543398211
Bahrain,BHR,2018,144.075372574535
Bahrain,BHR,2017,136.429239810394
Bahrain,BHR,2016,132.822997902774
Bahrain,BHR,2015,147.916060172904
Bangladesh,BGD,2024,26.7780758040478
Bangladesh,BGD,2023,30.9829714104596
Bangladesh,BGD,2022,33.7799672705735
Bangladesh,BGD,2021,27.7240047036631
Bangladesh,BGD,2020,26.271447376215
Bangladesh,BGD,2019,31.5780544912404
Bangladesh,BGD,2018,32.5146317240884
Bangladesh,BGD,2017,29.9997306724343
Bangladesh,BGD,2016,31.3341501346142
Bangladesh,BGD,2015,42.0859963070382
Barbados,BRB,2024,
Barbados,BRB,2023,
Barbados,BRB,2022,
Barbados,BRB,2021,
Barbados,BRB,2020,
Barbados,BRB,2019,
Barbados,BRB,2018,
Barbados,BRB,2017,
Barbados,BRB,2016,
Barbados,BRB,2015,
Belarus,BLR,2024,128.242832314614
Belarus,BLR,2023,131.584674884961
Belarus,BLR,2022,120.024207576094
Belarus,BLR,2021,136.014167877476
Belarus,BLR,2020,118.934176146534
Belarus,BLR,2019,130.850406102184
Belarus,BLR,2018,139.393736250171
Belarus,BLR,2017,133.367754723012
Belarus,BLR,2016,125.209322899662
Belarus,BLR,2015,115.914826201946
Belgium,BEL,2024,159.023481148927
Belgium,BEL,2023,165.987440736442
Belgium,BEL,2022,191.053418131592
Belgium,BEL,2021,177.381912201075
Belgium,BEL,2020,156.950121282783
Belgium,BEL,2019,165.46547893199
Belgium,BEL,2018,168.277692877218
Belgium,BEL,2017,166.904078237791
Belgium,BEL,2016,159.057696611945
Belgium,BEL,2015,155.068682045926
Belize,BLZ,2024,108.972446521476
Belize,BLZ,2023,106.400505850771
Belize,BLZ,2022,107.840250086037
Belize,BLZ,2021,98.9824369429997
Belize,BLZ,2020,81.6431433128545
Belize,BLZ,2019,102.441856907677
Belize,BLZ,2018,100.989214362975
Belize,BLZ,2017,97.7072571800462
Belize,BLZ,2016,96.4998358304218
Belize,BLZ,2015,104.070958799941
Benin,BEN,2024,40.6398022401523
Benin,BEN,2023,44.6631308180211
Benin,BEN,2022,44.3815928877424
Benin,BEN,2021,48.0548608324409
Benin,BEN,2020,44.8332333768726
Benin,BEN,2019,63.68133231423
Benin,BEN,2018,61.7951944903448
Benin,BEN,2017,61.4765969588474
Benin,BEN,2016,58.9869283378276
Benin,BEN,2015,56.7563131849476
Bermuda,BMU,2024,80.2060884448408
Bermuda,BMU,2023,77.6465295570053
Bermuda,BMU,2022,77.9770526954316
Bermuda,BMU,2021,72.9270921395872
Bermuda,BMU,2020,70.5898221728952
Bermuda,BMU,2019,77.5601016506443
Bermuda,BMU,2018,77.5552703807388
Bermuda,BMU,2017,72.3924284503794
Bermuda,BMU,2016,72.7499093828891
Bermuda,BMU,2015,73.2954985174785
Bhutan,BTN,2024,79.3625417953324
Bhutan,BTN,2023,81.7366278539811
Bhutan,BTN,2022,85.5712165226139
Bhutan,BTN,2021,77.5824482709826
Bhutan,BTN,2020,71.8303510394637
Bhutan,BTN,2019,76.1235167041505
Bhutan,BTN,2018,79.7397203296083
Bhutan,BTN,2017,76.7884016850221
Bhutan,BTN,2016,76.3847528498375
Bhutan,BTN,2015,89.6391604595496
Bolivia,BOL,2024,46.9778716148403
Bolivia,BOL,2023,49.6083255594597
Bolivia,BOL,2022,57.5249335789631
Bolivia,BOL,2021,47.6670843158984
Bolivia,BOL,2020,37.5164342446486
Bolivia,BOL,2019,45.8209732749024
Bolivia,BOL,2018,46.9261953417368
Bolivia,BOL,2017,45.5761123650708
Bolivia,BOL,2016,56.4010345026573
Bolivia,BOL,2015,67.9328451905248
Bosnia and Herzegovina,BIH,2024,94.7601778509961
Bosnia and Herzegovina,BIH,2023,99.6330317954442
Bosnia and Herzegovina,BIH,2022,110.205283719751
Bosnia and Herzegovina,BIH,2021,96.7391144408744
Bosnia and Herzegovina,BIH,2020,82.5216467994007
Bosnia and Herzegovina,BIH,2019,94.516125154246
Bosnia and Herzegovina,BIH,2018,98.4320694182631
Bosnia and Herzegovina,BIH,2017,96.6458803566861
Bosnia and Herzegovina,BIH,2016,88.2440340022738
Bosnia and Herzegovina,BIH,2015,88.291992587588
Botswana,BWA,2024,69.4453508747185
Botswana,BWA,2023,70.1128327324509
Botswana,BWA,2022,86.0696039867252
Botswana,BWA,2021,91.0478497403998
Botswana,BWA,2020,80.3250344865506
Botswana,BWA,2019,83.0929813601175
Botswana,BWA,2018,87.4551039946493
Botswana,BWA,2017,81.9239513763494
Botswana,BWA,2016,100.464689766026
Botswana,BWA,2015,112.900891016005
Brazil,BRA,2024,35.5845239386244
Brazil,BRA,2023,33.6662298301438
Brazil,BRA,2022,38.8160659763397
Brazil,BRA,2021,37.6563307598082
Brazil,BRA,2020,32.3020785437939
Brazil,BRA,2019,28.8902578698964
Brazil,BRA,2018,28.8762033763866
Brazil,BRA,2017,24.3197343743057
Brazil,BRA,2016,24.5336820777006
Brazil,BRA,2015,26.95362593736
British Virgin Islands,VGB,2024,
British Virgin Islands,VGB,2023,
British Virgin Islands,VGB,2022,
British Virgin Islands,VGB,2021,
British Virgin Islands,VGB,2020,
British Virgin Islands,VGB,2019,
British Virgin Islands,VGB,2018,
British Virgin Islands,VGB,2017,
British Virgin Islands,VGB,2016,
British Virgin Islands,VGB,2015,
Brunei Darussalam,BRN,2024,132.58743952196
Brunei Darussalam,BRN,2023,136.86343465048
Brunei Darussalam,BRN,2022,146.973965879597
Brunei Darussalam,BRN,2021,147.123112375318
Brunei Darussalam,BRN,2020,110.291003658452
Brunei Darussalam,BRN,2019,108.509658357959
Brunei Darussalam,BRN,2018,93.8980617666778
Brunei Darussalam,BRN,2017,85.1768604269985
Brunei Darussalam,BRN,2016,87.319801332806
Brunei Darussalam,BRN,2015,89.8961882533585
Bulgaria,BGR,2024,110.226317731322
Bulgaria,BGR,2023,119.899505851916
Bulgaria,BGR,2022,138.844872770267
Bulgaria,BGR,2021,121.214091012604
Bulgaria,BGR,2020,110.423903082333
Bulgaria,BGR,2019,125.260415075086
Bulgaria,BGR,2018,129.166502231244
Bulgaria,BGR,2017,129.634433774038
Bulgaria,BGR,2016,122.805519071127
Bulgaria,BGR,2015,126.736652288689
Burkina Faso,BFA,2024,60.492898852298
Burkina Faso,BFA,2023,63.1530435873964
Burkina Faso,BFA,2022,67.5202901331655
Burkina Faso,BFA,2021,62.4203586607795
Burkina Faso,BFA,2020,60.7397786403239
Burkina Faso,BFA,2019,60.4086928753226
Burkina Faso,BFA,2018,60.5956256236488
Burkina Faso,BFA,2017,59.2687802020168
Burkina Faso,BFA,2016,57.8931727994406
Burkina Faso,BFA,2015,59.0891813101662
Burundi,BDI,2024,
Burundi,BDI,2023,
Burundi,BDI,2022,
Burundi,BDI,2021,
Burundi,BDI,2020,
Burundi,BDI,2019,
Burundi,BDI,2018,
Burundi,BDI,2017,
Burundi,BDI,2016,
Burundi,BDI,2015,
Cabo Verde,CPV,2024,96.9022561569006
Cabo Verde,CPV,2023,95.0324943346692
Cabo Verde,CPV,2022,96.9941368513357
Cabo Verde,CPV,2021,77.4550586265341
Cabo Verde,CPV,2020,78.3934545931901
Cabo Verde,CPV,2019,103.602656463726
Cabo Verde,CPV,2018,105.867524052105
Cabo Verde,CPV,2017,100.052133904219
Cabo Verde,CPV,2016,95.3781398609533
Cabo Verde,CPV,2015,94.0084870167993
Cambodia,KHM,2024,143.447009703011
Cambodia,KHM,2023,134.206842395931
Cambodia,KHM,2022,145.873632761406
Cambodia,KHM,2021,146.179846509715
Cambodia,KHM,2020,122.105396346568
Cambodia,KHM,2019,115.736679072448
Cambodia,KHM,2018,118.43765541305
Cambodia,KHM,2017,121.155451298689
Cambodia,KHM,2016,122.704555602667
Cambodia,KHM,2015,122.109596815379
Cameroon,CMR,2024,34.4031785915423
Cameroon,CMR,2023,37.8903321242578
Cameroon,CMR,2022,41.2866025594679
Cameroon,CMR,2021,36.7308347188558
Cameroon,CMR,2020,33.7388313623871
Cameroon,CMR,2019,43.3785132480415
Cameroon,CMR,2018,40.587602877028
Cameroon,CMR,2017,39.1990216052629
Cameroon,CMR,2016,40.6386315268268
Cameroon,CMR,2015,45.5401468279393
Canada,CAN,2024,65.1214987304374
Canada,CAN,2023,66.5745425015033
Canada,CAN,2022,66.9531620692051
Canada,CAN,2021,62.2468612630348
Canada,CAN,2020,61.1566883386797
Canada,CAN,2019,66.1713422730605
Canada,CAN,2018,66.59982627163
Canada,CAN,2017,65.1009087910845
Canada,CAN,2016,65.3636199818813
Canada,CAN,2015,66.1648355844224
Cayman Islands,CYM,2024,
Cayman Islands,CYM,2023,
Cayman Islands,CYM,2022,
Cayman Islands,CYM,2021,
Cayman Islands,CYM,2020,105.472790158919
Cayman Islands,CYM,2019,114.838539695171
Cayman Islands,CYM,2018,117.117123372744
Cayman Islands,CYM,2017,117.436583687346
Cayman Islands,CYM,2016,
Cayman Islands,CYM,2015,
Central African Republic,CAF,2024,46.4318999802251
Central African Republic,CAF,2023,43.480570208358
Central African Republic,CAF,2022,45.23357000162
Central African Republic,CAF,2021,44.159119995104
Central African Republic,CAF,2020,49.5210200011921
Central African Republic,CAF,2019,50.0658000014868
Central African Republic,CAF,2018,49.6602000024318
Central African Republic,CAF,2017,57.1435457117119
Central African Republic,CAF,2016,50.53064402191
Central African Republic,CAF,2015,53.1451477769621
Chad,TCD,2024,44.5559353847423
Chad,TCD,2023,46.8626488759728
Chad,TCD,2022,47.9883784319429
Chad,TCD,2021,43.9465041015895
Chad,TCD,2020,40.6428170621932
Chad,TCD,2019,46.6777247152768
Chad,TCD,2018,46.7384317860183
Chad,TCD,2017,43.2900613852468
Chad,TCD,2016,43.9580149331537
Chad,TCD,2015,48.5114982079885
Channel Islands,CHI,2024,
Channel Islands,CHI,2023,
Channel Islands,CHI,2022,
Channel Islands,CHI,2021,
Channel Islands,CHI,2020,
Channel Islands,CHI,2019,
Channel Islands,CHI,2018,
Channel Islands,CHI,2017,
Channel Islands,CHI,2016,
Channel Islands,CHI,2015,
Chile,CHL,2024,63.9577465302563
Chile,CHL,2023,60.6766444736157
Chile,CHL,2022,75.2334197533759
Chile,CHL,2021,64.8399924791736
Chile,CHL,2020,58.1687693933374
Chile,CHL,2019,57.6069157856537
Chile,CHL,2018,58.1770513035882
Chile,CHL,2017,56.0261586393213
Chile,CHL,2016,56.0578603070995
Chile,CHL,2015,59.3491105681231
China,CHN,2024,37.9560601372544
China,CHN,2023,36.7391496938394
China,CHN,2022,37.512555678171
China,CHN,2021,36.6428789643754
China,CHN,2020,34.337778473884
China,CHN,2019,35.4544350281407
China,CHN,2018,36.8943843914718
China,CHN,2017,36.95085261586
China,CHN,2016,36.177170692978
China,CHN,2015,38.6971848362625
Colombia,COL,2024,36.3179938785373
Colombia,COL,2023,40.1333165322581
Colombia,COL,2022,48.2826551123359
Colombia,COL,2021,40.0591463936128
Colombia,COL,2020,34.0555709680101
Colombia,COL,2019,37.558533980839
Colombia,COL,2018,36.5347527968973
Colombia,COL,2017,35.2829149424588
Colombia,COL,2016,36.202652984202
Colombia,COL,2015,38.3607641184453
Comoros,COM,2024,41.4806352919635
Comoros,COM,2023,44.4398634497089
Comoros,COM,2022,50.3887704882382
Comoros,COM,2021,42.0677236496077
Comoros,COM,2020,33.7299346157491
Comoros,COM,2019,42.2680785350184
Comoros,COM,2018,42.996153341343
Comoros,COM,2017,40.164358921352
Comoros,COM,2016,37.1328797158337
Comoros,COM,2015,37.8049520714563
"Congo, Dem. Rep.",COD,2024,94.2484870645646
"Congo, Dem. Rep.",COD,2023,86.7400581798289
"Congo, Dem. Rep.",COD,2022,85.8221691879958
"Congo, Dem. Rep.",COD,2021,75.3870523860732
"Congo, Dem. Rep.",COD,2020,61.0284707727916
"Congo, Dem. Rep.",COD,2019,60.9143523742792
"Congo, Dem. Rep.",COD,2018,72.5591739081336
"Congo, Dem. Rep.",COD,2017,65.9184525277578
"Congo, Dem. Rep.",COD,2016,68.0083342860132
"Congo, Dem. Rep.",COD,2015,57.7539236163245
"Congo, Rep.",COG,2024,93.1881220839752
"Congo, Rep.",COG,2023,96.2103944039618
"Congo, Rep.",COG,2022,98.1613366922001
"Congo, Rep.",COG,2021,85.5462031552188
"Congo, Rep.",COG,2020,69.3066247188397
"Congo, Rep.",COG,2019,91.5757547930374
"Congo, Rep.",COG,2018,100.583216779714
"Congo, Rep.",COG,2017,94.6170952583422
"Congo, Rep.",COG,2016,122.259818284021
"Congo, Rep.",COG,2015,117.320721558581
Costa Rica,CRI,2024,69.8533786394509
Costa Rica,CRI,2023,71.4380310340536
Costa Rica,CRI,2022,79.0523903153884
Costa Rica,CRI,2021,70.103693305909
Costa Rica,CRI,2020,59.7463550719484
Costa Rica,CRI,2019,65.4194732486775
Costa Rica,CRI,2018,66.7874137887726
Costa Rica,CRI,2017,65.0719536997344
Costa Rica,CRI,2016,62.178478293067
Costa Rica,CRI,2015,60.7535621474841
Cote d'Ivoire,CIV,2024,51.2649845400983
Cote d'Ivoire,CIV,2023,48.8170039103332
Cote d'Ivoire,CIV,2022,52.8663910413483
Cote d'Ivoire,CIV,2021,45.1140327762435
Cote d'Ivoire,CIV,2020,41.9426318190526
Cote d'Ivoire,CIV,2019,44.6604105830795
Cote d'Ivoire,CIV,2018,46.0375087102874
Cote d'Ivoire,CIV,2017,48.6625074729482
Cote d'Ivoire,CIV,2016,47.5655783613535
Cote d'Ivoire,CIV,2015,52.7153604615931
Croatia,HRV,2024,104.912403236133
Croatia,HRV,2023,107.277801631602
Croatia,HRV,2022,125.410793782261
Croatia,HRV,2021,102.327614281062
Croatia,HRV,2020,89.5475327132272
Croatia,HRV,2019,101.395111645358
Croatia,HRV,2018,99.0845893099948
Croatia,HRV,2017,97.2452344566878
Croatia,HRV,2016,92.1393432283564
Croatia,HRV,2015,90.6517861027716
Cuba,CUB,2024,124.863238865053
Cuba,CUB,2023,120.533878427187
Cuba,CUB,2022,93.8607755890525
Cuba,CUB,2021,80.0237703083904
Cuba,CUB,2020,15.6829868097474
Cuba,CUB,2019,22.8208911354416
Cuba,CUB,2018,27.0835484486147
Cuba,CUB,2017,26.2224363787618
Cuba,CUB,2016,27.2691132420785
Cuba,CUB,2015,31.6138124793419
Curacao,CUW,2024,
Curacao,CUW,2023,
Curacao,CUW,2022,
Curacao,CUW,2021,
Curacao,CUW,2020,
Curacao,CUW,2019,
Curacao,CUW,2018,155.268858771687
Curacao,CUW,2017,139.812449543914
Curacao,CUW,2016,139.052979137029
Curacao,CUW,2015,148.313815925541
Cyprus,CYP,2024,190.40287092076
Cyprus,CYP,2023,190.740957956519
Cyprus,CYP,2022,205.753530252705
Cyprus,CYP,2021,176.82773681987
Cyprus,CYP,2020,160.66871645997
Cyprus,CYP,2019,150.50616312951
Cyprus,CYP,2018,147.623567410054
Cyprus,CYP,2017,148.013355558135
Cyprus,CYP,2016,139.022098457248
Cyprus,CYP,2015,137.276426477193
Czechia,CZE,2024,131.466608125579
Czechia,CZE,2023,131.892598295876
Czechia,CZE,2022,144.011494109397
Czechia,CZE,2021,137.378116302868
Czechia,CZE,2020,128.780430305965
Czechia,CZE,2019,138.154609993871
Czechia,CZE,2018,145.141717890789
Czechia,CZE,2017,147.750834854762
Czechia,CZE,2016,148.547004664435
Czechia,CZE,2015,154.018400997633
Denmark,DNK,2024,131.765030975207
Denmark,DNK,2023,129.625337431278
Denmark,DNK,2022,131.995824909071
Denmark,DNK,2021,112.321472697291
Denmark,DNK,2020,104.433432671151
Denmark,DNK,2019,111.891475065653
Denmark,DNK,2018,108.813985501909
Denmark,DNK,2017,104.215676920442
Denmark,DNK,2016,101.452783808643
Denmark,DNK,2015,105.130362453899
Djibouti,DJI,2024,241.237463098287
Djibouti,DJI,2023,285.902043800644
Djibouti,DJI,2022,302.285409231545
Djibouti,DJI,2021,263.477728733891
Djibouti,DJI,2020,225.744871323723
Djibouti,DJI,2019,320.93923036418
Djibouti,DJI,2018,300.398900523844
Djibouti,DJI,2017,305.967966403468
Djibouti,DJI,2016,213.071998607921
Djibouti,DJI,2015,268.363456254629
Dominica,DMA,2024,
Dominica,DMA,2023,
Dominica,DMA,2022,
Dominica,DMA,2021,
Dominica,DMA,2020,
Dominica,DMA,2019,
Dominica,DMA,2018,
Dominica,DMA,2017,
Dominica,DMA,2016,
Dominica,DMA,2015,
Dominican Republic,DOM,2024,51.7835143952326
Dominican Republic,DOM,2023,49.8436131764417
Dominican Republic,DOM,2022,54.3781976712844
Dominican Republic,DOM,2021,51.9500227303115
Dominican Republic,DOM,2020,44.7331613466756
Dominican Republic,DOM,2019,50.912982200697
Dominican Republic,DOM,2018,52.3351709577013
Dominican Republic,DOM,2017,50.7595355508472
Dominican Republic,DOM,2016,51.7306571245477
Dominican Republic,DOM,2015,52.3471238667007
Ecuador,ECU,2024,57.4436448205751
Ecuador,ECU,2023,57.1626938264309
Ecuador,ECU,2022,61.880792818786
Ecuador,ECU,2021,53.261275610573
Ecuador,ECU,2020,43.9893109378389
Ecuador,ECU,2019,48.0828494933307
Ecuador,ECU,2018,48.0093476154836
Ecuador,ECU,2017,43.6177233172817
Ecuador,ECU,2016,40.5344917996647
Ecuador,ECU,2015,47.8280397077826
"Egypt, Arab Rep.",EGY,2024,39.6007520873733
"Egypt, Arab Rep.",EGY,2023,40.4504007720031
"Egypt, Arab Rep.",EGY,2022,36.9831048772713
"Egypt, Arab Rep.",EGY,2021,29.8569734808122
"Egypt, Arab Rep.",EGY,2020,32.1262555667523
"Egypt, Arab Rep.",EGY,2019,41.1240171551108
"Egypt, Arab Rep.",EGY,2018,45.9110196733959
"Egypt, Arab Rep.",EGY,2017,42.8321343581608
"Egypt, Arab Rep.",EGY,2016,30.2465490514505
"Egypt, Arab Rep.",EGY,2015,34.8459429600229
El Salvador,SLV,2024,85.6825726575292
El Salvador,SLV,2023,79.8122651787866
El Salvador,SLV,2022,88.7011372097555
El Salvador,SLV,2021,81.8450759800765
El Salvador,SLV,2020,66.4595069497083
El Salvador,SLV,2019,76.0420130991468
El Salvador,SLV,2018,75.6336168879956
El Salvador,SLV,2017,74.3046511916519
El Salvador,SLV,2016,72.8190933731491
El Salvador,SLV,2015,76.5602707370519
Equatorial Guinea,GNQ,2024,74.2894990329407
Equatorial Guinea,GNQ,2023,60.6886626813037
Equatorial Guinea,GNQ,2022,81.8130161368099
Equatorial Guinea,GNQ,2021,76.9666485998527
Equatorial Guinea,GNQ,2020,77.9278846441807
Equatorial Guinea,GNQ,2019,94.8787924253545
Equatorial Guinea,GNQ,2018,103.645681622953
Equatorial Guinea,GNQ,2017,102.428258251803
Equatorial Guinea,GNQ,2016,92.6007307237942
Equatorial Guinea,GNQ,2015,98.8780591680756
Eritrea,ERI,2024,
Eritrea,ERI,2023,
Eritrea,ERI,2022,
Eritrea,ERI,2021,
Eritrea,ERI,2020,
Eritrea,ERI,2019,
Eritrea,ERI,2018,
Eritrea,ERI,2017,
Eritrea,ERI,2016,
Eritrea,ERI,2015,
Estonia,EST,2024,151.037702410455
Estonia,EST,2023,154.592617111149
Estonia,EST,2022,175.68711950524
Estonia,EST,2021,160.471922305927
Estonia,EST,2020,137.392641283846
Estonia,EST,2019,140.352147998549
Estonia,EST,2018,143.485224864735
Estonia,EST,2017,144.635650944133
Estonia,EST,2016,147.7462327097
Estonia,EST,2015,148.507157123558
Eswatini,SWZ,2024,107.480621053879
Eswatini,SWZ,2023,99.7246110815617
Eswatini,SWZ,2022,92.5715871298334
Eswatini,SWZ,2021,89.9313874866569
Eswatini,SWZ,2020,84.0140188426878
Eswatini,SWZ,2019,86.6407948477595
Eswatini,SWZ,2018,85.4927768173538
Eswatini,SWZ,2017,86.8801420302976
Eswatini,SWZ,2016,89.3584874439935
Eswatini,SWZ,2015,88.2620944023684
Ethiopia,ETH,2024,17.4004358586815
Ethiopia,ETH,2023,20.5982015071406
Ethiopia,ETH,2022,26.5954996964257
Ethiopia,ETH,2021,24.3450574655662
Ethiopia,ETH,2020,24.0061143414049
Ethiopia,ETH,2019,28.8152939292608
Ethiopia,ETH,2018,31.1993689777881
Ethiopia,ETH,2017,31.1036494929016
Ethiopia,ETH,2016,34.8990210816111
Ethiopia,ETH,2015,39.6561241449515
Faroe Islands,FRO,2024,105.752803037623
Faroe Islands,FRO,2023,113.336400780359
Faroe Islands,FRO,2022,122.86334141193
Faroe Islands,FRO,2021,103.488037146112
Faroe Islands,FRO,2020,96.2241937518396
Faroe Islands,FRO,2019,108.623245950251
Faroe Islands,FRO,2018,106.874664759521
Faroe Islands,FRO,2017,107.238908370178
Faroe Islands,FRO,2016,104.552703002397
Faroe Islands,FRO,2015,105.610671594387
Fiji,FJI,2024,118.962880886427
Fiji,FJI,2023,126.282134510517
Fiji,FJI,2022,119.213746657784
Fiji,FJI,2021,87.2159321837078
Fiji,FJI,2020,78.0763651830605
Fiji,FJI,2019,110.696192117501
Fiji,FJI,2018,103.235419948556
Fiji,FJI,2017,97.0216625258442
Fiji,FJI,2016,97.1744905841206
Fiji,FJI,2015,101.189048956211
Finland,FIN,2024,83.4510295550974
Finland,FIN,2023,85.5141847218915
Finland,FIN,2022,94.5625340522667
Finland,FIN,2021,79.7892781913782
Finland,FIN,2020,72.1845955995888
Finland,FIN,2019,80.5641502947367
Finland,FIN,2018,79.1436148422846
Finland,FIN,2017,75.9387822310041
Finland,FIN,2016,71.7222101178859
Finland,FIN,2015,71.9618253787014
France,FRA,2024,68.1081875443744
France,FRA,2023,70.6261450610225
France,FRA,2022,75.9630077981996
France,FRA,2021,63.788482630872
France,FRA,2020,58.8388907240647
France,FRA,2019,66.4289607281749
France,FRA,2018,66.8022607812266
France,FRA,2017,65.3958481559711
France,FRA,2016,63.3427564383351
France,FRA,2015,63.5046871956484
French Polynesia,PYF,2024,64.4688665693732
French Polynesia,PYF,2023,71.672203765227
French Polynesia,PYF,2022,69.5264023221442
French Polynesia,PYF,2021,52.9788183937695
French Polynesia,PYF,2020,45.8331834386023
French Polynesia,PYF,2019,63.3061124024003
French Polynesia,PYF,2018,65.0146628512067
French Polynesia,PYF,2017,54.5776905038178
French Polynesia,PYF,2016,53.6164949427793
French Polynesia,PYF,2015,55.6304686354336
Gabon,GAB,2024,92.0468055146014
Gabon,GAB,2023,91.4786533179144
Gabon,GAB,2022,92.0630888496921
Gabon,GAB,2021,85.3483122054787
Gabon,GAB,2020,70.1140546463796
Gabon,GAB,2019,73.4280894486644
Gabon,GAB,2018,77.0365976973024
Gabon,GAB,2017,75.0687404456638
Gabon,GAB,2016,70.1333810645308
Gabon,GAB,2015,73.9497814588281
"Gambia, The",GMB,2024,42.1706172080435
"Gambia, The",GMB,2023,39.9620173467122
"Gambia, The",GMB,2022,44.7219215369466
"Gambia, The",GMB,2021,42.0979827971754
"Gambia, The",GMB,2020,47.3955201736291
"Gambia, The",GMB,2019,55.9979116186993
"Gambia, The",GMB,2018,64.8124640003735
"Gambia, The",GMB,2017,55.7335796090833
"Gambia, The",GMB,2016,38.1140879565948
"Gambia, The",GMB,2015,44.5223730803813
Georgia,GEO,2024,103.456471463024
Georgia,GEO,2023,107.151179161579
Georgia,GEO,2022,114.695437688718
Georgia,GEO,2021,101.60090754891
Georgia,GEO,2020,92.8910841752194
Georgia,GEO,2019,117.810080239714
Georgia,GEO,2018,109.847740556266
Georgia,GEO,2017,102.584277697146
Georgia,GEO,2016,94.9262528383443
Georgia,GEO,2015,97.0163115086257
Germany,DEU,2024,79.0907305894936
Germany,DEU,2023,81.9625483787634
Germany,DEU,2022,88.7857542130501
Germany,DEU,2021,79.9195348609851
Germany,DEU,2020,72.9335327120137
Germany,DEU,2019,79.0732427175683
Germany,DEU,2018,79.1252260463654
Germany,DEU,2017,77.4548394742448
Germany,DEU,2016,76.0059902166055
Germany,DEU,2015,77.7565815686922
Ghana,GHA,2024,68.9668717609486
Ghana,GHA,2023,64.3878615301086
Ghana,GHA,2022,70.1154557937915
Ghana,GHA,2021,62.7078309128346
Ghana,GHA,2020,66.5754987162431
Ghana,GHA,2019,76.824802732152
Ghana,GHA,2018,67.9585174644902
Ghana,GHA,2017,70.5483652904116
Ghana,GHA,2016,67.8769994445865
Ghana,GHA,2015,76.5212709243242
Gibraltar,GIB,2024,
Gibraltar,GIB,2023,
Gibraltar,GIB,2022,
Gibraltar,GIB,2021,
Gibraltar,GIB,2020,
Gibraltar,GIB,2019,
Gibraltar,GIB,2018,
Gibraltar,GIB,2017,
Gibraltar,GIB,2016,
Gibraltar,GIB,2015,
Greece,GRC,2024,89.7765279446168
Greece,GRC,2023,92.4710882947018
Greece,GRC,2022,108.121843229922
Greece,GRC,2021,88.0126654490379
Greece,GRC,2020,70.2937464580745
Greece,GRC,2019,80.5900949510457
Greece,GRC,2018,79.2379908638706
Greece,GRC,2017,70.8824967397253
Greece,GRC,2016,63.6575490882866
Greece,GRC,2015,65.2716454619318
Greenland,GRL,2024,
Greenland,GRL,2023,91.8900994375821
Greenland,GRL,2022,93.3651328766632
Greenland,GRL,2021,83.6838572277142
Greenland,GRL,2020,82.6595028892583
Greenland,GRL,2019,92.1907515607492
Greenland,GRL,2018,89.7766906266033
Greenland,GRL,2017,84.2072558673104
Greenland,GRL,2016,85.8376729204278
Greenland,GRL,2015,83.1013810084573
Grenada,GRD,2024,
Grenada,GRD,2023,
Grenada,GRD,2022,
Grenada,GRD,2021,
Grenada,GRD,2020,
Grenada,GRD,2019,
Grenada,GRD,2018,
Grenada,GRD,2017,
Grenada,GRD,2016,
Grenada,GRD,2015,
Guam,GUM,2024,
Guam,GUM,2023,
Guam,GUM,2022,71.8668596237337
Guam,GUM,2021,61.8383060635226
Guam,GUM,2020,63.6747802569304
Guam,GUM,2019,78.0645161290323
Guam,GUM,2018,72.9631465873409
Guam,GUM,2017,69.2665890570431
Guam,GUM,2016,70.4117946110829
Guam,GUM,2015,71.3398861872737
Guatemala,GTM,2024,47.3052981448815
Guatemala,GTM,2023,48.3297978472591
Guatemala,GTM,2022,54.4490964612191
Guatemala,GTM,2021,49.261149442668
Guatemala,GTM,2020,41.1407594007818
Guatemala,GTM,2019,45.5167341849579
Guatemala,GTM,2018,47.0116853424691
Guatemala,GTM,2017,46.0694034412912
Guatemala,GTM,2016,46.3727343925686
Guatemala,GTM,2015,49.8934518550985
Guinea,GIN,2024,97.7778177313259
Guinea,GIN,2023,95.829526758227
Guinea,GIN,2022,94.1652726931221
Guinea,GIN,2021,115.195532789356
Guinea,GIN,2020,115.765259518929
Guinea,GIN,2019,78.4153132285974
Guinea,GIN,2018,88.984111543709
Guinea,GIN,2017,101.251633768429
Guinea,GIN,2016,111.839467415368
Guinea,GIN,2015,72.4427307469345
Guinea-Bissau,GNB,2024,40.3719342566601
Guinea-Bissau,GNB,2023,42.4351515242076
Guinea-Bissau,GNB,2022,45.9934723683125
Guinea-Bissau,GNB,2021,44.8202242773261
Guinea-Bissau,GNB,2020,42.8852704163601
Guinea-Bissau,GNB,2019,49.943905496502
Guinea-Bissau,GNB,2018,55.0195890357005
Guinea-Bissau,GNB,2017,56.9137475938811
Guinea-Bissau,GNB,2016,54.3006730474711
Guinea-Bissau,GNB,2015,54.3703755891285
Guyana,GUY,2024,
Guyana,GUY,2023,
Guyana,GUY,2022,
Guyana,GUY,2021,
Guyana,GUY,2020,
Guyana,GUY,2019,
Guyana,GUY,2018,
Guyana,GUY,2017,
Guyana,GUY,2016,
Guyana,GUY,2015,
Haiti,HTI,2024,18.6547617785224
Haiti,HTI,2023,25.2478984941791
Haiti,HTI,2022,29.7746074753724
Haiti,HTI,2021,33.4120026772124
Haiti,HTI,2020,37.4138801252638
Haiti,HTI,2019,44.5687187758294
Haiti,HTI,2018,45.1385763027223
Haiti,HTI,2017,42.0745477868911
Haiti,HTI,2016,41.4109022161974
Haiti,HTI,2015,41.9457381172044
Honduras,HND,2024,91.6694117874122
Honduras,HND,2023,98.7919798336365
Honduras,HND,2022,112.698524913966
Honduras,HND,2021,103.372643459918
Honduras,HND,2020,88.0008563836292
Honduras,HND,2019,99.4595352452417
Honduras,HND,2018,103.551162215452
Honduras,HND,2017,101.813111079622
Honduras,HND,2016,99.8157169505924
Honduras,HND,2015,107.26440535424
"Hong Kong SAR, China",HKG,2024,359.390663042179
"Hong Kong SAR, China",HKG,2023,353.194608900413
"Hong Kong SAR, China",HKG,2022,384.885909968308
"Hong Kong SAR, China",HKG,2021,402.459681454463
"Hong Kong SAR, China",HKG,2020,350.679705044448
"Hong Kong SAR, China",HKG,2019,353.743521139731
"Hong Kong SAR, China",HKG,2018,376.892773545026
"Hong Kong SAR, China",HKG,2017,376.795666734722
"Hong Kong SAR, China",HKG,2016,371.727231773253
"Hong Kong SAR, China",HKG,2015,389.405949263639
Hungary,HUN,2024,147.926666538068
Hungary,HUN,2023,158.618825607913
Hungary,HUN,2022,184.969952581351
Hungary,HUN,2021,159.187527332834
Hungary,HUN,2020,154.527002936377
Hungary,HUN,2019,159.925556464831
Hungary,HUN,2018,162.700858777925
Hungary,HUN,2017,165.032855840268
Hungary,HUN,2016,163.97194450015
Hungary,HUN,2015,167.290738494524
Iceland,ISL,2024,86.1815792789281
Iceland,ISL,2023,87.2388810922276
Iceland,ISL,2022,93.0164295134303
Iceland,ISL,2021,76.2317249850944
Iceland,ISL,2020,68.6550233460548
Iceland,ISL,2019,83.7923659518443
Iceland,ISL,2018,88.934996973139
Iceland,ISL,2017,86.3585336945067
Iceland,ISL,2016,87.7600165983392
Iceland,ISL,2015,94.8888027460231
India,IND,2024,45.9166907678748
India,IND,2023,46.3229520582338
India,IND,2022,50.6979382758042
India,IND,2021,45.4230887840446
India,IND,2020,37.7581053292768
India,IND,2019,39.9054035306442
India,IND,2018,43.6169693323889
India,IND,2017,40.7424969545225
India,IND,2016,40.082485713276
India,IND,2015,41.9229138658647
Indonesia,IDN,2024,42.809937870822
Indonesia,IDN,2023,41.4604765447233
Indonesia,IDN,2022,45.4646701959453
Indonesia,IDN,2021,40.2047582749671
Indonesia,IDN,2020,32.9721754002427
Indonesia,IDN,2019,37.6277775357108
Indonesia,IDN,2018,43.0743089552002
Indonesia,IDN,2017,39.3554970704606
Indonesia,IDN,2016,37.4213418023318
Indonesia,IDN,2015,41.9376402415294
"Iran, Islamic Rep.",IRN,2024,52.0621306794348
"Iran, Islamic Rep.",IRN,2023,49.3935500960203
"Iran, Islamic Rep.",IRN,2022,48.9183508223052
"Iran, Islamic Rep.",IRN,2021,42.672379536261
"Iran, Islamic Rep.",IRN,2020,43.8844674905013
"Iran, Islamic Rep.",IRN,2019,48.5917712137038
"Iran, Islamic Rep.",IRN,2018,56.6153496142829
"Iran, Islamic Rep.",IRN,2017,43.1556931383906
"Iran, Islamic Rep.",IRN,2016,39.8772417738866
"Iran, Islamic Rep.",IRN,2015,39.42258866118
Iraq,IRQ,2024,77.1389393108395
Iraq,IRQ,2023,69.4613207990167
Iraq,IRQ,2022,68.75879409409
Iraq,IRQ,2021,61.5032683117218
Iraq,IRQ,2020,57.742316395146
Iraq,IRQ,2019,68.9899384202806
Iraq,IRQ,2018,65.8017917701083
Iraq,IRQ,2017,59.7809123923157
Iraq,IRQ,2016,54.588320188677
Iraq,IRQ,2015,69.5917685983115
Ireland,IRL,2024,246.169874857401
Ireland,IRL,2023,239.649627585111
Ireland,IRL,2022,237.755419559378
Ireland,IRL,2021,231.032350863586
Ireland,IRL,2020,258.780437026252
Ireland,IRL,2019,257.652772910421
Ireland,IRL,2018,222.453716000399
Ireland,IRL,2017,233.304083346711
Ireland,IRL,2016,239.708527798768
Ireland,IRL,2015,223.702938290642
Isle of Man,IMN,2024,
Isle of Man,IMN,2023,
Isle of Man,IMN,2022,
Isle of Man,IMN,2021,
Isle of Man,IMN,2020,
Isle of Man,IMN,2019,
Isle of Man,IMN,2018,
Isle of Man,IMN,2017,
Isle of Man,IMN,2016,
Isle of Man,IMN,2015,
Israel,ISR,2024,54.3822563777332
Israel,ISR,2023,57.977782328645
Israel,ISR,2022,60.6358428266501
Israel,ISR,2021,54.8184036562688
Israel,ISR,2020,51.1403984551453
Israel,ISR,2019,56.5281618447823
Israel,ISR,2018,58.8734013354625
Israel,ISR,2017,56.4519373834561
Israel,ISR,2016,57.9533051643572
Israel,ISR,2015,59.0201557126784
Italy,ITA,2024,62.5926144915658
Italy,ITA,2023,65.1028419441908
Italy,ITA,2022,72.0165023032697
Italy,ITA,2021,60.3019776202798
Italy,ITA,2020,53.9394839042764
Italy,ITA,2019,58.6941902594738
Italy,ITA,2018,59.2749835128154
Italy,ITA,2017,57.5829940274911
Italy,ITA,2016,54.4321467018313
Italy,ITA,2015,55.4356858148221
Jamaica,JAM,2024,
Jamaica,JAM,2023,
Jamaica,JAM,2022,
Jamaica,JAM,2021,
Jamaica,JAM,2020,
Jamaica,JAM,2019,
Jamaica,JAM,2018,
Jamaica,JAM,2017,
Jamaica,JAM,2016,
Jamaica,JAM,2015,
Japan,JPN,2024,44.8529388577573
Japan,JPN,2023,43.5950833802735
Japan,JPN,2022,44.86063102004
Japan,JPN,2021,35.4253927340539
Japan,JPN,2020,30.5192226892273
Japan,JPN,2019,34.3582972799989
Japan,JPN,2018,35.8035749582494
Japan,JPN,2017,33.6888336792782
Japan,JPN,2016,30.6562793068554
Japan,JPN,2015,34.7276305886293
Jordan,JOR,2024,
Jordan,JOR,2023,
Jordan,JOR,2022,
Jordan,JOR,2021,
Jordan,JOR,2020,
Jordan,JOR,2019,
Jordan,JOR,2018,
Jordan,JOR,2017,
Jordan,JOR,2016,
Jordan,JOR,2015,
Kazakhstan,KAZ,2024,57.1613431963924
Kazakhstan,KAZ,2023,62.3342837675021
Kazakhstan,KAZ,2022,68.3343147415612
Kazakhstan,KAZ,2021,58.6686085779207
Kazakhstan,KAZ,2020,57.0264423660931
Kazakhstan,KAZ,2019,64.8586165517565
Kazakhstan,KAZ,2018,63.5279565118188
Kazakhstan,KAZ,2017,56.825387935971
Kazakhstan,KAZ,2016,60.3115965864153
Kazakhstan,KAZ,2015,53.0497288072652
Kenya,KEN,2024,40.0062529666939
Kenya,KEN,2023,40.9337677377556
Kenya,KEN,2022,40.2753238373561
Kenya,KEN,2021,35.0020477795269
Kenya,KEN,2020,30.3991387830411
Kenya,KEN,2019,31.759461841481
Kenya,KEN,2018,34.4147531767425
Kenya,KEN,2017,35.9950578754074
Kenya,KEN,2016,34.8650195731824
Kenya,KEN,2015,40.3273846919019
Kiribati,KIR,2024,102.110426164684
Kiribati,KIR,2023,106.479772480068
Kiribati,KIR,2022,107.219771673316
Kiribati,KIR,2021,74.450510015529
Kiribati,KIR,2020,78.4012076801363
Kiribati,KIR,2019,98.3565819131955
Kiribati,KIR,2018,83.2436102236422
Kiribati,KIR,2017,100.49175257732
Kiribati,KIR,2016,111.269790749303
Kiribati,KIR,2015,109.889098401931
"Korea, Dem. People's Rep.",PRK,2024,
"Korea, Dem. People's Rep.",PRK,2023,
"Korea, Dem. People's Rep.",PRK,2022,
"Korea, Dem. People's Rep.",PRK,2021,
"Korea, Dem. People's Rep.",PRK,2020,
"Korea, Dem. People's Rep.",PRK,2019,
"Korea, Dem. People's Rep.",PRK,2018,
"Korea, Dem. People's Rep.",PRK,2017,
"Korea, Dem. People's Rep.",PRK,2016,
"Korea, Dem. People's Rep.",PRK,2015,
"Korea, Rep.",KOR,2024,84.6424951192038
"Korea, Rep.",KOR,2023,82.2580090716629
"Korea, Rep.",KOR,2022,90.5851475278549
"Korea, Rep.",KOR,2021,75.3063047610912
"Korea, Rep.",KOR,2020,65.544957860621
"Korea, Rep.",KOR,2019,71.4470632403511
"Korea, Rep.",KOR,2018,74.7075162140824
"Korea, Rep.",KOR,2017,73.1921408264016
"Korea, Rep.",KOR,2016,69.8997221316919
"Korea, Rep.",KOR,2015,75.3881774564907
Kosovo,XKX,2024,113.789651964133
Kosovo,XKX,2023,109.951851577902
Kosovo,XKX,2022,110.012031619226
Kosovo,XKX,2021,98.6384304855253
Kosovo,XKX,2020,75.6080171280001
Kosovo,XKX,2019,85.7534085053482
Kosovo,XKX,2018,86.3150846710967
Kosovo,XKX,2017,80.4101373469745
Kosovo,XKX,2016,75.0188123077463
Kosovo,XKX,2015,74.0204422546574
Kuwait,KWT,2024,93.9909162684119
Kuwait,KWT,2023,96.0343509693162
Kuwait,KWT,2022,90.9188102023425
Kuwait,KWT,2021,82.0003751775886
Kuwait,KWT,2020,82.0125101293052
Kuwait,KWT,2019,91.6857123895953
Kuwait,KWT,2018,102.785630655
Kuwait,KWT,2017,97.840046457409
Kuwait,KWT,2016,96.1576723758617
Kuwait,KWT,2015,98.6999884455485
Kyrgyz Republic,KGZ,2024,130.100743509033
Kyrgyz Republic,KGZ,2023,132.373403912336
Kyrgyz Republic,KGZ,2022,133.786718048766
Kyrgyz Republic,KGZ,2021,100.261376861569
Kyrgyz Republic,KGZ,2020,78.9922784304738
Kyrgyz Republic,KGZ,2019,94.4302823542939
Kyrgyz Republic,KGZ,2018,98.8755599017608
Kyrgyz Republic,KGZ,2017,100.617445813258
Kyrgyz Republic,KGZ,2016,105.823574017406
Kyrgyz Republic,KGZ,2015,110.961570714633
Lao PDR,LAO,2024,
Lao PDR,LAO,2023,
Lao PDR,LAO,2022,
Lao PDR,LAO,2021,
Lao PDR,LAO,2020,
Lao PDR,LAO,2019,
Lao PDR,LAO,2018,
Lao PDR,LAO,2017,
Lao PDR,LAO,2016,75.0918909204124
Lao PDR,LAO,2015,85.798321703681
Latvia,LVA,2024,131.309582395769
Latvia,LVA,2023,135.642989154266
Latvia,LVA,2022,159.892778190649
Latvia,LVA,2021,136.796615414819
Latvia,LVA,2020,123.88319804656
Latvia,LVA,2019,125.29163170793
Latvia,LVA,2018,128.234095559822
Latvia,LVA,2017,128.714003328884
Latvia,LVA,2016,123.330518429659
Latvia,LVA,2015,126.380014406006
Lebanon,LBN,2024,82.2323604617121
Lebanon,LBN,2023,104.206410069182
Lebanon,LBN,2022,114.888278265666
Lebanon,LBN,2021,78.8286204025241
Lebanon,LBN,2020,50.1298042879627
Lebanon,LBN,2019,62.98091601016
Lebanon,LBN,2018,68.2573073043718
Lebanon,LBN,2017,68.4554292593276
Lebanon,LBN,2016,67.7236177908116
Lebanon,LBN,2015,71.8390426347811
Lesotho,LSO,2024,152.474389103105
Lesotho,LSO,2023,140.722487877528
Lesotho,LSO,2022,142.373981074229
Lesotho,LSO,2021,139.186479465407
Lesotho,LSO,2020,141.096605062998
Lesotho,LSO,2019,140.51663349168
Lesotho,LSO,2018,144.434955465602
Lesotho,LSO,2017,146.366771329494
Lesotho,LSO,2016,136.31524774176
Lesotho,LSO,2015,129.722773082867
Liberia,LBR,2024,
Liberia,LBR,2023,
Liberia,LBR,2022,
Liberia,LBR,2021,
Liberia,LBR,2020,
Liberia,LBR,2019,
Liberia,LBR,2018,
Liberia,LBR,2017,
Liberia,LBR,2016,
Liberia,LBR,2015,
Libya,LBY,2024,137.511130687153
Libya,LBY,2023,161.070232609722
Libya,LBY,2022,156.321684682347
Libya,LBY,2021,164.284069967105
Libya,LBY,2020,50.9757934373319
Libya,LBY,2019,78.9939691850138
Libya,LBY,2018,63.7811335968183
Libya,LBY,2017,47.5489661921214
Libya,LBY,2016,41.1101760615135
Libya,LBY,2015,56.9049073326883
Liechtenstein,LIE,2024,
Liechtenstein,LIE,2023,
Liechtenstein,LIE,2022,
Liechtenstein,LIE,2021,
Liechtenstein,LIE,2020,
Liechtenstein,LIE,2019,
Liechtenstein,LIE,2018,
Liechtenstein,LIE,2017,
Liechtenstein,LIE,2016,
Liechtenstein,LIE,2015,
Lithuania,LTU,2024,142.41991022479
Lithuania,LTU,2023,147.990751776428
Lithuania,LTU,2022,176.631817072239
Lithuania,LTU,2021,154.726303914099
Lithuania,LTU,2020,135.796565563519
Lithuania,LTU,2019,148.374996011818
Lithuania,LTU,2018,147.202132525221
Lithuania,LTU,2017,144.918393101325
Lithuania,LTU,2016,134.690449650877
Lithuania,LTU,2015,138.195575009601
Luxembourg,LUX,2024,351.267921153192
Luxembourg,LUX,2023,402.566968197345
Luxembourg,LUX,2022,412.177169924175
Luxembourg,LUX,2021,397.506180867971
Luxembourg,LUX,2020,375.581394826026
Luxembourg,LUX,2019,382.66078058442
Luxembourg,LUX,2018,361.865445198667
Luxembourg,LUX,2017,353.793991980303
Luxembourg,LUX,2016,348.437409376889
Luxembourg,LUX,2015,351.13195404466
"Macao SAR, China",MAC,2024,142.07943455076
"Macao SAR, China",MAC,2023,145.874467252327
"Macao SAR, China",MAC,2022,170.368049338506
"Macao SAR, China",MAC,2021,171.31597082054
"Macao SAR, China",MAC,2020,123.43437444297
"Macao SAR, China",MAC,2019,115.23129893555
"Macao SAR, China",MAC,2018,116.568676845013
"Macao SAR, China",MAC,2017,115.454662557842
"Macao SAR, China",MAC,2016,112.890232741859
"Macao SAR, China",MAC,2015,119.250436813256
Madagascar,MDG,2024,57.5370213293734
Madagascar,MDG,2023,62.7622147594312
Madagascar,MDG,2022,70.4708546790091
Madagascar,MDG,2021,55.2158585927485
Madagascar,MDG,2020,49.0107073650291
Madagascar,MDG,2019,62.6013230457128
Madagascar,MDG,2018,67.8415046683582
Madagascar,MDG,2017,65.3434015072915
Madagascar,MDG,2016,60.8346984831423
Madagascar,MDG,2015,61.2203788365078
Malawi,MWI,2024,41.9038196485235
Malawi,MWI,2023,42.4376683990967
Malawi,MWI,2022,43.616624856781
Malawi,MWI,2021,44.5957618170542
Malawi,MWI,2020,41.0323429397328
Malawi,MWI,2019,44.1954524635798
Malawi,MWI,2018,43.578773489
Malawi,MWI,2017,45.3003137160008
Malawi,MWI,2016,
Malawi,MWI,2015,
Malaysia,MYS,2024,137.362571161559
Malaysia,MYS,2023,132.593461641599
Malaysia,MYS,2022,146.424604753908
Malaysia,MYS,2021,134.035994690727
Malaysia,MYS,2020,116.788182437638
Malaysia,MYS,2019,123.028562027943
Malaysia,MYS,2018,130.402625502126
Malaysia,MYS,2017,133.155173371956
Malaysia,MYS,2016,126.8990100257
Malaysia,MYS,2015,131.37007244526
Maldives,MDV,2024,156.473955741011
Maldives,MDV,2023,149.349976177434
Maldives,MDV,2022,162.243432933656
Maldives,MDV,2021,142.607296696261
Maldives,MDV,2020,114.361902904327
Maldives,MDV,2019,137.125230875185
Maldives,MDV,2018,142.491128546618
Maldives,MDV,2017,141.912110574952
Maldives,MDV,2016,144.380212278942
Maldives,MDV,2015,143.720506661302
Mali,MLI,2024,49.7664846904175
Mali,MLI,2023,57.6291572269296
Mali,MLI,2022,61.5613274861987
Mali,MLI,2021,56.7150525565465
Mali,MLI,2020,56.0415474422019
Mali,MLI,2019,53.9987132798636
Mali,MLI,2018,50.6998462523276
Mali,MLI,2017,49.4919984941972
Mali,MLI,2016,53.6126193604252
Mali,MLI,2015,53.5751760102265
Malta,MLT,2024,217.730272683658
Malta,MLT,2023,221.133296375593
Malta,MLT,2022,244.581535518883
Malta,MLT,2021,220.072294790099
Malta,MLT,2020,242.361190373928
Malta,MLT,2019,233.070440941958
Malta,MLT,2018,228.098551105175
Malta,MLT,2017,213.047591305197
Malta,MLT,2016,213.35947198583
Malta,MLT,2015,207.196020605057
Marshall Islands,MHL,2024,118.245614035088
Marshall Islands,MHL,2023,118.181818181818
Marshall Islands,MHL,2022,128.337974710453
Marshall Islands,MHL,2021,120.056192355466
Marshall Islands,MHL,2020,107.825971877585
Marshall Islands,MHL,2019,153.007728638901
Marshall Islands,MHL,2018,128.482272727273
Marshall Islands,MHL,2017,125.145250350959
Marshall Islands,MHL,2016,116.326362735382
Marshall Islands,MHL,2015,138.489820359281
Mauritania,MRT,2024,93.5988355881472
Mauritania,MRT,2023,92.1654445146742
Mauritania,MRT,2022,102.025899125696
Mauritania,MRT,2021,88.3068737571235
Mauritania,MRT,2020,86.7761681322741
Mauritania,MRT,2019,93.4866941351317
Mauritania,MRT,2018,89.1467294935148
Mauritania,MRT,2017,78.8149801833884
Mauritania,MRT,2016,73.1532616736712
Mauritania,MRT,2015,77.3467864944966
Mauritius,MUS,2024,145.419812647383
Mauritius,MUS,2023,147.321392128852
Mauritius,MUS,2022,147.663795034012
Mauritius,MUS,2021,135.19300461461
Mauritius,MUS,2020,121.12522550435
Mauritius,MUS,2019,127.940899064133
Mauritius,MUS,2018,123.538984386544
Mauritius,MUS,2017,126.964059884888
Mauritius,MUS,2016,126.310008998042
Mauritius,MUS,2015,133.135069083677
Mexico,MEX,2024,75.4259015415068
Mexico,MEX,2023,73.7390758255664
Mexico,MEX,2022,88.7984855897261
Mexico,MEX,2021,83.0692976264524
Mexico,MEX,2020,76.8545557151738
Mexico,MEX,2019,77.4619722509459
Mexico,MEX,2018,80.212661650262
Mexico,MEX,2017,76.95212604414
Mexico,MEX,2016,75.6903034088551
Mexico,MEX,2015,70.4129746799259
"Micronesia, Fed. Sts.",FSM,2024,96.4413755948864
"Micronesia, Fed. Sts.",FSM,2023,95.2648407722683
"Micronesia, Fed. Sts.",FSM,2022,104.760485019371
"Micronesia, Fed. Sts.",FSM,2021,90.3979270784948
"Micronesia, Fed. Sts.",FSM,2020,93.858263831289
"Micronesia, Fed. Sts.",FSM,2019,106.582278481013
"Micronesia, Fed. Sts.",FSM,2018,105.837563451777
"Micronesia, Fed. Sts.",FSM,2017,102.216066481994
"Micronesia, Fed. Sts.",FSM,2016,100.611620795107
"Micronesia, Fed. Sts.",FSM,2015,106.410256410256
Moldova,MDA,2024,88.8924378793564
Moldova,MDA,2023,93.9946211488052
Moldova,MDA,2022,112.117671579766
Moldova,MDA,2021,88.4708865399267
Moldova,MDA,2020,79.265722119158
Moldova,MDA,2019,87.6322371148906
Moldova,MDA,2018,87.4467874275648
Moldova,MDA,2017,88.6233902754378
Moldova,MDA,2016,89.0046837188671
Moldova,MDA,2015,88.9664154565323
Monaco,MCO,2024,
Monaco,MCO,2023,
Monaco,MCO,2022,
Monaco,MCO,2021,
Monaco,MCO,2020,
Monaco,MCO,2019,
Monaco,MCO,2018,
Monaco,MCO,2017,
Monaco,MCO,2016,
Monaco,MCO,2015,
Mongolia,MNG,2024,138.448379141249
Mongolia,MNG,2023,142.864246599181
Mongolia,MNG,2022,136.327929944516
Mongolia,MNG,2021,119.098078437771
Mongolia,MNG,2020,112.838647629317
Mongolia,MNG,2019,124.396514621165
Mongolia,MNG,2018,126.355873241513
Mongolia,MNG,2017,115.932901867963
Mongolia,MNG,2016,101.055237224997
Mongolia,MNG,2015,89.653663477814
Montenegro,MNE,2024,109.944104480975
Montenegro,MNE,2023,116.806669538329
Montenegro,MNE,2022,125.455937754994
Montenegro,MNE,2021,105.719249175045
Montenegro,MNE,2020,87.8612027134909
Montenegro,MNE,2019,110.0161238696
Montenegro,MNE,2018,111.098935509174
Montenegro,MNE,2017,106.711366689116
Montenegro,MNE,2016,104.135954584294
Montenegro,MNE,2015,104.12510886943
Morocco,MAR,2024,92.1872446062404
Morocco,MAR,2023,93.1178844179777
Morocco,MAR,2022,100.906310201651
Morocco,MAR,2021,75.5234171756506
Morocco,MAR,2020,68.8438033904364
Morocco,MAR,2019,75.9981158798422
Morocco,MAR,2018,77.2548875243989
Morocco,MAR,2017,74.1733578786573
Morocco,MAR,2016,71.1226603816864
Morocco,MAR,2015,67.2886759253849
Mozambique,MOZ,2024,95.6303976635291
Mozambique,MOZ,2023,106.026083626657
Mozambique,MOZ,2022,135.274535098995
Mozambique,MOZ,2021,112.078964458333
Mozambique,MOZ,2020,99.906146051979
Mozambique,MOZ,2019,105.591171401921
Mozambique,MOZ,2018,124.607457525372
Mozambique,MOZ,2017,105.745640702087
Mozambique,MOZ,2016,110.394358201481
Mozambique,MOZ,2015,98.7612036510901
Myanmar,MMR,2024,
Myanmar,MMR,2023,
Myanmar,MMR,2022,
Myanmar,MMR,2021,
Myanmar,MMR,2020,
Myanmar,MMR,2019,
Myanmar,MMR,2018,
Myanmar,MMR,2017,
Myanmar,MMR,2016,
Myanmar,MMR,2015,
Namibia,NAM,2024,108.00119146619
Namibia,NAM,2023,109.8175996703
Namibia,NAM,2022,99.2625547814064
Namibia,NAM,2021,83.5443030923624
Namibia,NAM,2020,76.9252424036465
Namibia,NAM,2019,82.9011507426355
Namibia,NAM,2018,81.7138652963804
Namibia,NAM,2017,81.2196661011436
Namibia,NAM,2016,93.966187960162
Namibia,NAM,2015,97.2390317873478
Nauru,NRU,2024,160.546875
Nauru,NRU,2023,135.0
Nauru,NRU,2022,141.129076305221
Nauru,NRU,2021,130.1856
Nauru,NRU,2020,134.980107526882
Nauru,NRU,2019,155.906685714286
Nauru,NRU,2018,140.640059171598
Nauru,NRU,2017,142.068965517241
Nauru,NRU,2016,170.149253731343
Nauru,NRU,2015,200.0
Nepal,NPL,2024,40.1700101626853
Nepal,NPL,2023,41.5701502932467
Nepal,NPL,2022,48.9734014800201
Nepal,NPL,2021,43.0538047912219
Nepal,NPL,2020,40.9188741248444
Nepal,NPL,2019,49.2495265869012
Nepal,NPL,2018,48.4473869463778
Nepal,NPL,2017,44.6424106217427
Nepal,NPL,2016,42.1154861221646
Nepal,NPL,2015,46.6657303895158
Netherlands,NLD,2024,153.956290574682
Netherlands,NLD,2023,165.030429478933
Netherlands,NLD,2022,184.107484252682
Netherlands,NLD,2021,163.154842689698
Netherlands,NLD,2020,152.233230409706
Netherlands,NLD,2019,160.676671884999
Netherlands,NLD,2018,163.559146573044
Netherlands,NLD,2017,159.646059656847
Netherlands,NLD,2016,150.96552921165
Netherlands,NLD,2015,160.325812564809
New Caledonia,NCL,2024,40.3689577306469
New Caledonia,NCL,2023,51.6307347217069
New Caledonia,NCL,2022,50.4727487454212
New Caledonia,NCL,2021,49.0442343110236
New Caledonia,NCL,2020,54.5818048383838
New Caledonia,NCL,2019,58.2103670990099
New Caledonia,NCL,2018,59.0970833
New Caledonia,NCL,2017,58.9281826221283
New Caledonia,NCL,2016,58.0296161468389
New Caledonia,NCL,2015,60.0467960954308
New Zealand,NZL,2024,50.6607664427853
New Zealand,NZL,2023,49.8655041498497
New Zealand,NZL,2022,53.2091433736439
New Zealand,NZL,2021,48.4315370741539
New Zealand,NZL,2020,43.8262466218168
New Zealand,NZL,2019,54.4612464097007
New Zealand,NZL,2018,55.9063918509538
New Zealand,NZL,2017,54.2775276299632
New Zealand,NZL,2016,52.4796021733125
New Zealand,NZL,2015,54.8749505791536
Nicaragua,NIC,2024,99.146065089948
Nicaragua,NIC,2023,105.019535579852
Nicaragua,NIC,2022,115.454670931919
Nicaragua,NIC,2021,106.20739806697
Nicaragua,NIC,2020,88.6381231228968
Nicaragua,NIC,2019,94.0422159246213
Nicaragua,NIC,2018,93.9847404925404
Nicaragua,NIC,2017,96.3805864351182
Nicaragua,NIC,2016,93.8137278130087
Nicaragua,NIC,2015,98.194164594236
Niger,NER,2024,24.388946208843
Niger,NER,2023,30.7176535069056
Niger,NER,2022,37.1460454100715
Niger,NER,2021,38.0460948786617
Niger,NER,2020,36.3388196908038
Niger,NER,2019,39.289303673296
Niger,NER,2018,38.2929695977016
Niger,NER,2017,39.0298956366247
Niger,NER,2016,36.6748378115692
Niger,NER,2015,44.727430371186
Nigeria,NGA,2024,
Nigeria,NGA,2023,
Nigeria,NGA,2022,
Nigeria,NGA,2021,
Nigeria,NGA,2020,
Nigeria,NGA,2019,
Nigeria,NGA,2018,
Nigeria,NGA,2017,
Nigeria,NGA,2016,
Nigeria,NGA,2015,
North Macedonia,MKD,2024,136.324876175556
North Macedonia,MKD,2023,147.79425348309
North Macedonia,MKD,2022,166.147357379878
North Macedonia,MKD,2021,146.721411484074
North Macedonia,MKD,2020,128.241244322257
North Macedonia,MKD,2019,138.576231840539
North Macedonia,MKD,2018,133.215207648008
North Macedonia,MKD,2017,124.13728389629
North Macedonia,MKD,2016,116.185408418026
North Macedonia,MKD,2015,113.698443879103
Northern Mariana Islands,MNP,2024,
Northern Mariana Islands,MNP,2023,
Northern Mariana Islands,MNP,2022,93.1569343065693
Northern Mariana Islands,MNP,2021,78.8840262582057
Northern Mariana Islands,MNP,2020,78.9838337182448
Northern Mariana Islands,MNP,2019,104.749787955895
Northern Mariana Islands,MNP,2018,108.762490392006
Northern Mariana Islands,MNP,2017,131.410256410256
Northern Mariana Islands,MNP,2016,152.845528455285
Northern Mariana Islands,MNP,2015,122.747252747253
Norway,NOR,2024,79.5796368227724
Norway,NOR,2023,77.401189583706
Norway,NOR,2022,79.9216011363033
Norway,NOR,2021,69.1060572345311
Norway,NOR,2020,63.3673184179043
Norway,NOR,2019,68.880243105732
Norway,NOR,2018,68.1761206012317
Norway,NOR,2017,67.1957153368952
Norway,NOR,2016,67.3341230829057
Norway,NOR,2015,68.8351790107466
Oman,OMN,2024,114.852671596819
Oman,OMN,2023,106.446731102604
Oman,OMN,2022,105.745009280655
Oman,OMN,2021,95.9494877293305
Oman,OMN,2020,91.8758908014472
Oman,OMN,2019,86.4782010313236
Oman,OMN,2018,89.2792178262847
Oman,OMN,2017,88.9531480182956
Oman,OMN,2016,82.8642642018901
Oman,OMN,2015,96.3775801852347
Pakistan,PAK,2024,27.5653309105795
Pakistan,PAK,2023,28.4676925469837
Pakistan,PAK,2022,33.031353478032
Pakistan,PAK,2021,27.0304204125548
Pakistan,PAK,2020,26.7162807328814
Pakistan,PAK,2019,28.9055769867032
Pakistan,PAK,2018,27.6260570796337
Pakistan,PAK,2017,25.472035002344
Pakistan,PAK,2016,24.7015780480573
Pakistan,PAK,2015,26.6881860172247
Palau,PLW,2024,105.811955583144
Palau,PLW,2023,106.757623549153
Palau,PLW,2022,103.651854764975
Palau,PLW,2021,79.5791429216543
Palau,PLW,2020,104.430720909895
Palau,PLW,2019,115.497705299446
Palau,PLW,2018,117.771970509059
Palau,PLW,2017,122.650636452895
Palau,PLW,2016,118.759866134181
Palau,PLW,2015,128.207298267542
Panama,PAN,2024,83.6737788620216
Panama,PAN,2023,88.3489105169795
Panama,PAN,2022,93.4752688552496
Panama,PAN,2021,80.1334635232887
Panama,PAN,2020,68.700423510603
Panama,PAN,2019,80.4286505649569
Panama,PAN,2018,86.1309615112445
Panama,PAN,2017,84.0475372402933
Panama,PAN,2016,84.3959718738111
Panama,PAN,2015,96.5791573428957
Papua New Guinea,PNG,2024,
Papua New Guinea,PNG,2023,
Papua New Guinea,PNG,2022,
Papua New Guinea,PNG,2021,
Papua New Guinea,PNG,2020,
Papua New Guinea,PNG,2019,
Papua New Guinea,PNG,2018,
Papua New Guinea,PNG,2017,
Papua New Guinea,PNG,2016,
Papua New Guinea,PNG,2015,
Paraguay,PRY,2024,77.0944384539197
Paraguay,PRY,2023,82.5777252296516
Paraguay,PRY,2022,73.8736311444119
Paraguay,PRY,2021,69.7320126827159
Paraguay,PRY,2020,62.7602174748561
Paraguay,PRY,2019,71.2221617342433
Paraguay,PRY,2018,72.069223625915
Paraguay,PRY,2017,71.0801344038377
Paraguay,PRY,2016,67.7593152322047
Paraguay,PRY,2015,66.9150655259573
Peru,PER,2024,51.6811479870417
Peru,PER,2023,50.9070307213493
Peru,PER,2022,57.2727003111939
Peru,PER,2021,55.4083231938774
Peru,PER,2020,44.245967197744
Peru,PER,2019,46.9435053754409
Peru,PER,2018,48.631470171736
Peru,PER,2017,47.5135503619971
Peru,PER,2016,45.3888411964154
Peru,PER,2015,45.1627686891148
Philippines,PHL,2024,65.8637883882752
Philippines,PHL,2023,67.4199693171606
Philippines,PHL,2022,72.4296836107599
Philippines,PHL,2021,63.4846098136712
Philippines,PHL,2020,58.1695603022281
Philippines,PHL,2019,68.8418422595678
Philippines,PHL,2018,72.1633982990273
Philippines,PHL,2017,68.1683697426727
Philippines,PHL,2016,61.7760657653871
Philippines,PHL,2015,59.1415921053094
Poland,POL,2024,100.359442847164
Poland,POL,2023,110.024935041815
Poland,POL,2022,123.021332860345
Poland,POL,2021,110.874283021945
Poland,POL,2020,99.2590912303436
Poland,POL,2019,101.581033817373
Poland,POL,2018,102.442462168005
Poland,POL,2017,100.56589524628
Poland,POL,2016,96.8659028060623
Poland,POL,2015,92.2554272741942
Portugal,PRT,2024,89.6615637070518
Portugal,PRT,2023,93.1358537072038
Portugal,PRT,2022,101.364146479435
Portugal,PRT,2021,85.8735452148975
Portugal,PRT,2020,76.5086407209215
Portugal,PRT,2019,86.7709889083586
Portugal,PRT,2018,86.7356954918399
Portugal,PRT,2017,84.8077923069539
Portugal,PRT,2016,79.5223464844001
Portugal,PRT,2015,80.6346756266443
Puerto Rico (US),PRI,2024,94.6225085555605
Puerto Rico (US),PRI,2023,101.657550951677
Puerto Rico (US),PRI,2022,98.2564691765992
Puerto Rico (US),PRI,2021,96.7453625315476
Puerto Rico (US),PRI,2020,103.509811317462
Puerto Rico (US),PRI,2019,107.571456836722
Puerto Rico (US),PRI,2018,106.001202479048
Puerto Rico (US),PRI,2017,113.131649032582
Puerto Rico (US),PRI,2016,110.274045470098
Puerto Rico (US),PRI,2015,108.880634192821
Qatar,QAT,2024,
Qatar,QAT,2023,
Qatar,QAT,2022,100.213647199618
Qatar,QAT,2021,92.7791585715125
Qatar,QAT,2020,90.0190948833102
Qatar,QAT,2019,90.0463755485388
Qatar,QAT,2018,91.838448978201
Qatar,QAT,2017,91.4945879195194
Qatar,QAT,2016,89.5476001199351
Qatar,QAT,2015,93.7076041736357
Romania,ROU,2024,77.2149837939003
Romania,ROU,2023,83.3753324062231
Romania,ROU,2022,93.9496509383447
Romania,ROU,2021,87.0711965460145
Romania,ROU,2020,78.3616463562709
Romania,ROU,2019,84.9063630584793
Romania,ROU,2018,87.0911701095809
Romania,ROU,2017,87.1560645667801
Romania,ROU,2016,85.8925282906884
Romania,ROU,2015,83.5205767017155
Russian Federation,RUS,2024,39.4184058815423
Russian Federation,RUS,2023,41.3395116492933
Russian Federation,RUS,2022,42.7663082313349
Russian Federation,RUS,2021,50.5861954621752
Russian Federation,RUS,2020,45.9669082029127
Russian Federation,RUS,2019,49.2287536619033
Russian Federation,RUS,2018,51.5809003703964
Russian Federation,RUS,2017,46.8765243371311
Russian Federation,RUS,2016,46.5181198396096
Russian Federation,RUS,2015,49.3593493116887
Rwanda,RWA,2024,71.6868069548772
Rwanda,RWA,2023,66.8925839339472
Rwanda,RWA,2022,60.9591709408266
Rwanda,RWA,2021,59.8007993935018
Rwanda,RWA,2020,44.3511840604967
Rwanda,RWA,2019,48.892715033759
Rwanda,RWA,2018,47.9830578657248
Rwanda,RWA,2017,54.2079656602139
Rwanda,RWA,2016,50.08973657056
Rwanda,RWA,2015,45.7348675761767
Samoa,WSM,2024,79.5241475635456
Samoa,WSM,2023,80.8405125709078
Samoa,WSM,2022,60.8477789845035
Samoa,WSM,2021,59.7697795919357
Samoa,WSM,2020,77.4847998856019
Samoa,WSM,2019,83.3310795816457
Samoa,WSM,2018,78.9349684295151
Samoa,WSM,2017,74.0110807608335
Samoa,WSM,2016,75.2118174672901
Samoa,WSM,2015,74.6343550051873
San Marino,SMR,2024,
San Marino,SMR,2023,340.983400117352
San Marino,SMR,2022,370.43607698812
San Marino,SMR,2021,342.470171021559
San Marino,SMR,2020,304.903169667588
San Marino,SMR,2019,307.264770546858
San Marino,SMR,2018,309.487954987512
San Marino,SMR,2017,313.850322940524
San Marino,SMR,2016,320.146095231777
San Marino,SMR,2015,321.364011035718
Sao Tome and Principe,STP,2024,44.2789124818003
Sao Tome and Principe,STP,2023,46.9745787336632
Sao Tome and Principe,STP,2022,64.9920379103896
Sao Tome and Principe,STP,2021,57.9403473155232
Sao Tome and Principe,STP,2020,48.6640079711896
Sao Tome and Principe,STP,2019,67.5747989988655
Sao Tome and Principe,STP,2018,79.2002901440524
Sao Tome and Principe,STP,2017,92.8973617603292
Sao Tome and Principe,STP,2016,100.395470605091
Sao Tome and Principe,STP,2015,112.659579338965
Saudi Arabia,SAU,2024,56.4049374147889
Saudi Arabia,SAU,2023,55.7974682325487
Saudi Arabia,SAU,2022,56.8241647749332
Saudi Arabia,SAU,2021,50.8839263398787
Saudi Arabia,SAU,2020,47.533159225048
Saudi Arabia,SAU,2019,56.7938204886513
Saudi Arabia,SAU,2018,59.1029104697141
Saudi Arabia,SAU,2017,59.5319791578229
Saudi Arabia,SAU,2016,57.9216635110364
Saudi Arabia,SAU,2015,67.1052692300592
Senegal,SEN,2024,68.2363510312865
Senegal,SEN,2023,71.5942815846823
Senegal,SEN,2022,79.3974220189679
Senegal,SEN,2021,69.3759939883832
Senegal,SEN,2020,60.0468716137065
Senegal,SEN,2019,64.2362506061005
Senegal,SEN,2018,61.7898394793183
Senegal,SEN,2017,57.8165678119905
Senegal,SEN,2016,54.1081692072139
Senegal,SEN,2015,58.1103376742017
Serbia,SRB,2024,111.725028388916
Serbia,SRB,2023,114.49206464322
Serbia,SRB,2022,131.913292283516
Serbia,SRB,2021,112.342298324945
Serbia,SRB,2020,100.324460810129
Serbia,SRB,2019,107.577309546092
Serbia,SRB,2018,105.563713028559
Serbia,SRB,2017,102.740445166934
Serbia,SRB,2016,97.6906940431804
Serbia,SRB,2015,93.5281477663237
Seychelles,SYC,2024,175.872982613261
Seychelles,SYC,2023,183.842116553333
Seychelles,SYC,2022,191.578843890135
Seychelles,SYC,2021,183.77081501466
Seychelles,SYC,2020,153.48333156592
Seychelles,SYC,2019,173.407846880196
Seychelles,SYC,2018,185.7075372109
Seychelles,SYC,2017,197.442236417869
Seychelles,SYC,2016,180.866188390939
Seychelles,SYC,2015,187.475012467679
Sierra Leone,SLE,2024,40.5454450723139
Sierra Leone,SLE,2023,55.286796968766
Sierra Leone,SLE,2022,45.054212809586
Sierra Leone,SLE,2021,42.1435161621354
Sierra Leone,SLE,2020,30.613100943757
Sierra Leone,SLE,2019,37.5619529967261
Sierra Leone,SLE,2018,37.3774603119412
Sierra Leone,SLE,2017,41.5213782343591
Sierra Leone,SLE,2016,43.0672126969961
Sierra Leone,SLE,2015,36.4823958242319
Singapore,SGP,2024,313.299377202408
Singapore,SGP,2023,323.7012199919
Singapore,SGP,2022,330.246917062891
Singapore,SGP,2021,326.53325458764
Singapore,SGP,2020,331.080556828077
Singapore,SGP,2019,324.270088576625
Singapore,SGP,2018,325.725809994853
Singapore,SGP,2017,315.401433455385
Singapore,SGP,2016,301.338866227561
Singapore,SGP,2015,329.471398940262
Sint Maarten (Dutch part),SXM,2024,
Sint Maarten (Dutch part),SXM,2023,
Sint Maarten (Dutch part),SXM,2022,
Sint Maarten (Dutch part),SXM,2021,
Sint Maarten (Dutch part),SXM,2020,
Sint Maarten (Dutch part),SXM,2019,
Sint Maarten (Dutch part),SXM,2018,
Sint Maarten (Dutch part),SXM,2017,
Sint Maarten (Dutch part),SXM,2016,
Sint Maarten (Dutch part),SXM,2015,
Slovak Republic,SVK,2024,171.212800151635
Slovak Republic,SVK,2023,181.39087235645
Slovak Republic,SVK,2022,204.056318531151
Slovak Republic,SVK,2021,181.97948448512
Slovak Republic,SVK,2020,167.534173320366
Slovak Republic,SVK,2019,183.722608631236
Slovak Republic,SVK,2018,188.732964699496
Slovak Republic,SVK,2017,186.644687399549
Slovak Republic,SVK,2016,182.757379596201
Slovak Republic,SVK,2015,179.42602289503
Slovenia,SVN,2024,155.657928684474
Slovenia,SVN,2023,160.1596693009
Slovenia,SVN,2022,186.647076274632
Slovenia,SVN,2021,161.788727511439
Slovenia,SVN,2020,147.549008584942
Slovenia,SVN,2019,160.044275685249
Slovenia,SVN,2018,162.613493975851
Slovenia,SVN,2017,158.70213584467
Slovenia,SVN,2016,148.238448080388
Slovenia,SVN,2015,147.218367714503
Solomon Islands,SLB,2024,111.352972154204
Solomon Islands,SLB,2023,101.134531825762
Solomon Islands,SLB,2022,74.8355405899571
Solomon Islands,SLB,2021,67.4200567620007
Solomon Islands,SLB,2020,60.2204367377792
Solomon Islands,SLB,2019,82.9985659020552
Solomon Islands,SLB,2018,88.4949614655388
Solomon Islands,SLB,2017,82.1974922027324
Solomon Islands,SLB,2016,85.54984577725
Solomon Islands,SLB,2015,88.1884859107326
"Somalia, Fed. Rep.",SOM,2024,130.325060583271
"Somalia, Fed. Rep.",SOM,2023,103.121007483117
"Somalia, Fed. Rep.",SOM,2022,90.7576203077526
"Somalia, Fed. Rep.",SOM,2021,79.0994411051355
"Somalia, Fed. Rep.",SOM,2020,75.6954102920723
"Somalia, Fed. Rep.",SOM,2019,70.2980591497227
"Somalia, Fed. Rep.",SOM,2018,73.8219230280706
"Somalia, Fed. Rep.",SOM,2017,68.6756490932841
"Somalia, Fed. Rep.",SOM,2016,74.3615625516249
"Somalia, Fed. Rep.",SOM,2015,76.4793322385239
South Africa,ZAF,2024,61.646770473025
South Africa,ZAF,2023,65.6798759740707
South Africa,ZAF,2022,64.94713440234
South Africa,ZAF,2021,56.1647136277546
South Africa,ZAF,2020,50.7596590804177
South Africa,ZAF,2019,53.8979964081406
South Africa,ZAF,2018,54.4855451276341
South Africa,ZAF,2017,53.5359318293741
South Africa,ZAF,2016,55.8612575048782
South Africa,ZAF,2015,56.7266761447156
South Sudan,SSD,2024,
South Sudan,SSD,2023,
South Sudan,SSD,2022,
South Sudan,SSD,2021,
South Sudan,SSD,2020,
South Sudan,SSD,2019,
South Sudan,SSD,2018,
South Sudan,SSD,2017,
South Sudan,SSD,2016,
South Sudan,SSD,2015,65.5513491845003
Spain,ESP,2024,69.9502612382631
Spain,ESP,2023,71.7976366055733
Spain,ESP,2022,78.4657338703054
Spain,ESP,2021,66.524588943191
Spain,ESP,2020,59.4461280147076
Spain,ESP,2019,66.3662250440692
Spain,ESP,2018,67.0094103982921
Spain,ESP,2017,66.167446137857
Spain,ESP,2016,63.1886778507294
Spain,ESP,2015,63.5820412248232
Sri Lanka,LKA,2024,42.1196098331113
Sri Lanka,LKA,2023,43.3476681195134
Sri Lanka,LKA,2022,46.6826080179359
Sri Lanka,LKA,2021,41.2288463294978
Sri Lanka,LKA,2020,37.0891188568192
Sri Lanka,LKA,2019,49.4255238852768
Sri Lanka,LKA,2018,49.8093967520437
Sri Lanka,LKA,2017,47.1404098001494
Sri Lanka,LKA,2016,46.4715370250761
Sri Lanka,LKA,2015,46.9179708088698
St. Kitts and Nevis,KNA,2024,
St. Kitts and Nevis,KNA,2023,
St. Kitts and Nevis,KNA,2022,
St. Kitts and Nevis,KNA,2021,
St. Kitts and Nevis,KNA,2020,
St. Kitts and Nevis,KNA,2019,
St. Kitts and Nevis,KNA,2018,
St. Kitts and Nevis,KNA,2017,
St. Kitts and Nevis,KNA,2016,
St. Kitts and Nevis,KNA,2015,
St. Lucia,LCA,2024,
St. Lucia,LCA,2023,
St. Lucia,LCA,2022,
St. Lucia,LCA,2021,
St. Lucia,LCA,2020,
St. Lucia,LCA,2019,
St. Lucia,LCA,2018,
St. Lucia,LCA,2017,
St. Lucia,LCA,2016,
St. Lucia,LCA,2015,
St. Martin (French part),MAF,2024,
St. Martin (French part),MAF,2023,
St. Martin (French part),MAF,2022,
St. Martin (French part),MAF,2021,
St. Martin (French part),MAF,2020,
St. Martin (French part),MAF,2019,
St. Martin (French part),MAF,2018,
St. Martin (French part),MAF,2017,
St. Martin (French part),MAF,2016,
St. Martin (French part),MAF,2015,
St. Vincent and the Grenadines,VCT,2024,
St. Vincent and the Grenadines,VCT,2023,
St. Vincent and the Grenadines,VCT,2022,
St. Vincent and the Grenadines,VCT,2021,
St. Vincent and the Grenadines,VCT,2020,
St. Vincent and the Grenadines,VCT,2019,
St. Vincent and the Grenadines,VCT,2018,
St. Vincent and the Grenadines,VCT,2017,
St. Vincent and the Grenadines,VCT,2016,
St. Vincent and the Grenadines,VCT,2015,
Sudan,SDN,2024,1.99541210225008
Sudan,SDN,2023,2.47372878267665
Sudan,SDN,2022,2.69883443585856
Sudan,SDN,2021,4.12754863828426
Sudan,SDN,2020,9.95514507626151
Sudan,SDN,2019,26.1196204552625
Sudan,SDN,2018,21.8679187274323
Sudan,SDN,2017,17.8313898297102
Sudan,SDN,2016,15.2816698903461
Sudan,SDN,2015,18.3782728546541
Suriname,SUR,2024,
Suriname,SUR,2023,
Suriname,SUR,2022,
Suriname,SUR,2021,
Suriname,SUR,2020,
Suriname,SUR,2019,
Suriname,SUR,2018,
Suriname,SUR,2017,
Suriname,SUR,2016,
Suriname,SUR,2015,
Sweden,SWE,2024,105.967492313344
Sweden,SWE,2023,107.619709443974
Sweden,SWE,2022,107.111751826512
Sweden,SWE,2021,91.1102374413042
Sweden,SWE,2020,84.4745958141618
Sweden,SWE,2019,92.7511390290561
Sweden,SWE,2018,90.4087142361701
Sweden,SWE,2017,86.0693088740521
Sweden,SWE,2016,83.4519478574149
Sweden,SWE,2015,84.1730765958171
Switzerland,CHE,2024,130.354516041578
Switzerland,CHE,2023,129.7371945484
Switzerland,CHE,2022,136.235871048363
Switzerland,CHE,2021,128.004119652561
Switzerland,CHE,2020,121.451100609762
Switzerland,CHE,2019,123.022509832864
Switzerland,CHE,2018,123.499829706856
Switzerland,CHE,2017,122.948395589146
Switzerland,CHE,2016,122.941735178779
Switzerland,CHE,2015,116.370019931647
Syrian Arab Republic,SYR,2024,
Syrian Arab Republic,SYR,2023,
Syrian Arab Republic,SYR,2022,35.4372421451582
Syrian Arab Republic,SYR,2021,59.002012246256
Syrian Arab Republic,SYR,2020,43.1916195452227
Syrian Arab Republic,SYR,2019,41.9994681765976
Syrian Arab Republic,SYR,2018,50.6591076441391
Syrian Arab Republic,SYR,2017,61.0508545098696
Syrian Arab Republic,SYR,2016,67.1119407366416
Syrian Arab Republic,SYR,2015,51.0862130409438
Tajikistan,TJK,2024,59.0899316296485
Tajikistan,TJK,2023,65.6347010367354
Tajikistan,TJK,2022,65.4355115893577
Tajikistan,TJK,2021,71.825937435383
Tajikistan,TJK,2020,55.7491040194954
Tajikistan,TJK,2019,56.0450159145896
Tajikistan,TJK,2018,55.8461114113303
Tajikistan,TJK,2017,53.7861046057767
Tajikistan,TJK,2016,55.7246446907573
Tajikistan,TJK,2015,49.9378160689555
Tanzania,TZA,2024,41.3081068648568
Tanzania,TZA,2023,38.212034806339
Tanzania,TZA,2022,35.0034517101994
Tanzania,TZA,2021,29.9151840074048
Tanzania,TZA,2020,27.9630151969884
Tanzania,TZA,2019,33.0185892502311
Tanzania,TZA,2018,32.6426099043737
Tanzania,TZA,2017,33.1125919853124
Tanzania,TZA,2016,35.4204704002636
Tanzania,TZA,2015,40.7576808778314
Thailand,THA,2024,135.724935837766
Thailand,THA,2023,128.792359690165
Thailand,THA,2022,132.813458288082
Thailand,THA,2021,117.131472183199
Thailand,THA,2020,97.6624419371158
Thailand,THA,2019,109.689514715166
Thailand,THA,2018,120.841864730984
Thailand,THA,2017,120.891427433638
Thailand,THA,2016,120.57522728913
Thailand,THA,2015,124.839662152526
Timor-Leste,TLS,2024,95.4485030105899
Timor-Leste,TLS,2023,89.3046490972644
Timor-Leste,TLS,2022,97.621108820704
Timor-Leste,TLS,2021,99.8600009384765
Timor-Leste,TLS,2020,84.7503111042388
Timor-Leste,TLS,2019,70.6142440551536
Timor-Leste,TLS,2018,64.8191831225499
Timor-Leste,TLS,2017,58.6347507796182
Timor-Leste,TLS,2016,60.310621759226
Timor-Leste,TLS,2015,60.0769209292639
Togo,TGO,2024,
Togo,TGO,2023,59.9291777017427
Togo,TGO,2022,61.575092396894
Togo,TGO,2021,56.3775580757321
Togo,TGO,2020,55.0659513954403
Togo,TGO,2019,56.3398500747576
Togo,TGO,2018,57.5737388499452
Togo,TGO,2017,58.2088602526732
Togo,TGO,2016,66.4450409805081
Togo,TGO,2015,69.1281378813376
Tonga,TON,2024,77.5794710114187
Tonga,TON,2023,79.6239257000079
Tonga,TON,2022,70.1272718284375
Tonga,TON,2021,68.5461517477239
Tonga,TON,2020,81.849496682175
Tonga,TON,2019,88.045385533046
Tonga,TON,2018,86.1039702691392
Tonga,TON,2017,88.0434925855836
Tonga,TON,2016,87.7771750789587
Tonga,TON,2015,81.3902291563255
Trinidad and Tobago,TTO,2024,
Trinidad and Tobago,TTO,2023,
Trinidad and Tobago,TTO,2022,
Trinidad and Tobago,TTO,2021,
Trinidad and Tobago,TTO,2020,
Trinidad and Tobago,TTO,2019,
Trinidad and Tobago,TTO,2018,
Trinidad and Tobago,TTO,2017,
Trinidad and Tobago,TTO,2016,
Trinidad and Tobago,TTO,2015,
Tunisia,TUN,2024,106.298549204247
Tunisia,TUN,2023,112.128858013354
Tunisia,TUN,2022,116.095794384146
Tunisia,TUN,2021,93.6334140664079
Tunisia,TUN,2020,84.3333297071767
Tunisia,TUN,2019,102.332614725789
Tunisia,TUN,2018,103.871824260635
Tunisia,TUN,2017,95.8091979825804
Tunisia,TUN,2016,87.0926643641466
Tunisia,TUN,2015,87.2485306596052
Turkiye,TUR,2024,54.5988061195916
Turkiye,TUR,2023,65.6832084738667
Turkiye,TUR,2022,79.8982722314341
Turkiye,TUR,2021,69.6088976086437
Turkiye,TUR,2020,60.389853117297
Turkiye,TUR,2019,62.5784589326239
Turkiye,TUR,2018,62.8251323851165
Turkiye,TUR,2017,56.1356585158689
Turkiye,TUR,2016,48.870183807987
Turkiye,TUR,2015,51.8749252596832
Turkmenistan,TKM,2024,28.7345237411748
Turkmenistan,TKM,2023,34.1794035540188
Turkmenistan,TKM,2022,37.8107225896924
Turkmenistan,TKM,2021,33.4124528498008
Turkmenistan,TKM,2020,29.9541700399769
Turkmenistan,TKM,2019,37.6560517756178
Turkmenistan,TKM,2018,41.6378669600992
Turkmenistan,TKM,2017,47.3983995269018
Turkmenistan,TKM,2016,58.2932324852085
Turkmenistan,TKM,2015,73.2280034158293
Turks and Caicos Islands,TCA,2024,
Turks and Caicos Islands,TCA,2023,
Turks and Caicos Islands,TCA,2022,
Turks and Caicos Islands,TCA,2021,
Turks and Caicos Islands,TCA,2020,
Turks and Caicos Islands,TCA,2019,
Turks and Caicos Islands,TCA,2018,
Turks and Caicos Islands,TCA,2017,
Turks and Caicos Islands,TCA,2016,
Turks and Caicos Islands,TCA,2015,
Tuvalu,TUV,2024,
Tuvalu,TUV,2023,
Tuvalu,TUV,2022,
Tuvalu,TUV,2021,
Tuvalu,TUV,2020,
Tuvalu,TUV,2019,
Tuvalu,TUV,2018,
Tuvalu,TUV,2017,
Tuvalu,TUV,2016,
Tuvalu,TUV,2015,
Uganda,UGA,2024,42.6527889088562
Uganda,UGA,2023,33.3416963302219
Uganda,UGA,2022,34.5053019270937
Uganda,UGA,2021,41.7136307424781
Uganda,UGA,2020,37.0006923916369
Uganda,UGA,2019,39.3610539647435
Uganda,UGA,2018,36.6384055999567
Uganda,UGA,2017,36.8370529334101
Uganda,UGA,2016,31.2093620232119
Uganda,UGA,2015,37.6892983324358
Ukraine,UKR,2024,79.6884673892276
Ukraine,UKR,2023,77.5096141935657
Ukraine,UKR,2022,87.3965139907244
Ukraine,UKR,2021,82.69796136345
Ukraine,UKR,2020,79.1564523761815
Ukraine,UKR,2019,90.5112342910763
Ukraine,UKR,2018,99.1998150718675
Ukraine,UKR,2017,104.034982911399
Ukraine,UKR,2016,105.521204913122
Ukraine,UKR,2015,107.806616298156
United Arab Emirates,ARE,2024,
United Arab Emirates,ARE,2023,199.044950127107
United Arab Emirates,ARE,2022,185.741660631894
United Arab Emirates,ARE,2021,182.909401076776
United Arab Emirates,ARE,2020,181.291940227998
United Arab Emirates,ARE,2019,163.822149025614
United Arab Emirates,ARE,2018,154.747042166299
United Arab Emirates,ARE,2017,165.476523652994
United Arab Emirates,ARE,2016,165.394966240337
United Arab Emirates,ARE,2015,164.286142899252
United Kingdom,GBR,2024,62.839052044584
United Kingdom,GBR,2023,64.9923841747803
United Kingdom,GBR,2022,69.1989264413981
United Kingdom,GBR,2021,58.53838629291
United Kingdom,GBR,2020,59.1598893030611
United Kingdom,GBR,2019,65.0035664177054
United Kingdom,GBR,2018,64.9097721959201
United Kingdom,GBR,2017,63.1899245764158
United Kingdom,GBR,2016,59.8395315138259
United Kingdom,GBR,2015,57.125044605439
United States,USA,2024,25.0160172978284
United States,USA,2023,24.9292981752847
United States,USA,2022,26.9078981557739
United States,USA,2021,25.2327260228331
United States,USA,2020,23.1399437509149
United States,USA,2019,26.2584806245428
United States,USA,2018,27.4453591302618
United States,USA,2017,27.1253382222874
United States,USA,2016,26.4525977865465
United States,USA,2015,27.6882139340768
Uruguay,URY,2024,51.4582237554765
Uruguay,URY,2023,52.3273108387018
Uruguay,URY,2022,60.2026828336525
Uruguay,URY,2021,58.3150555063308
Uruguay,URY,2020,47.7318331202564
Uruguay,URY,2019,49.7448660724665
Uruguay,URY,2018,47.7913453459107
Uruguay,URY,2017,46.3779636198842
Uruguay,URY,2016,48.4705353074514
Uruguay,URY,2015,45.3282408087534
Uzbekistan,UZB,2024,57.5295432552977
Uzbekistan,UZB,2023,63.102194304905
Uzbekistan,UZB,2022,60.0483582576289
Uzbekistan,UZB,2021,54.7477822134912
Uzbekistan,UZB,2020,53.1070769988551
Uzbekistan,UZB,2019,62.3003782302878
Uzbekistan,UZB,2018,61.395110017578
Uzbekistan,UZB,2017,41.0443062055515
Uzbekistan,UZB,2016,25.6926479568511
Uzbekistan,UZB,2015,27.1724545801626
Vanuatu,VUT,2024,73.3835043414732
Vanuatu,VUT,2023,78.0648945040347
Vanuatu,VUT,2022,70.4738394846168
Vanuatu,VUT,2021,60.1426638378911
Vanuatu,VUT,2020,65.4819913449416
Vanuatu,VUT,2019,85.2923789349229
Vanuatu,VUT,2018,89.6801368961432
Vanuatu,VUT,2017,90.0680828139658
Vanuatu,VUT,2016,93.2943778278248
Vanuatu,VUT,2015,92.5427728613569
"Venezuela, RB",VEN,2024,26.2373885733766
"Venezuela, RB",VEN,2023,28.0944323171165
"Venezuela, RB",VEN,2022,27.8980542310307
"Venezuela, RB",VEN,2021,29.2263872682484
"Venezuela, RB",VEN,2020,26.0905679013051
"Venezuela, RB",VEN,2019,58.1288399985284
"Venezuela, RB",VEN,2018,54.6332963725646
"Venezuela, RB",VEN,2017,42.6149425287356
"Venezuela, RB",VEN,2016,41.3927576601671
"Venezuela, RB",VEN,2015,60.377358490566
Viet Nam,VNM,2024,173.885260216071
Viet Nam,VNM,2023,164.995585455876
Viet Nam,VNM,2022,183.153619147836
Viet Nam,VNM,2021,186.675832836814
Viet Nam,VNM,2020,163.245862814935
Viet Nam,VNM,2019,164.704215031408
Viet Nam,VNM,2018,164.663936775893
Viet Nam,VNM,2017,160.98008365887
Viet Nam,VNM,2016,145.409507973118
Viet Nam,VNM,2015,144.914228195237
Virgin Islands (U.S.),VIR,2024,
Virgin Islands (U.S.),VIR,2023,
Virgin Islands (U.S.),VIR,2022,205.629280821918
Virgin Islands (U.S.),VIR,2021,180.297315287331
Virgin Islands (U.S.),VIR,2020,113.596594939702
Virgin Islands (U.S.),VIR,2019,155.4234409124
Virgin Islands (U.S.),VIR,2018,159.240377262299
Virgin Islands (U.S.),VIR,2017,157.696362677913
Virgin Islands (U.S.),VIR,2016,113.296471827278
Virgin Islands (U.S.),VIR,2015,84.7665847665848
West Bank and Gaza,PSE,2024,74.5880913285342
West Bank and Gaza,PSE,2023,76.173457614931
West Bank and Gaza,PSE,2022,82.3949283869453
West Bank and Gaza,PSE,2021,73.0835496162129
West Bank and Gaza,PSE,2020,67.2881912475775
West Bank and Gaza,PSE,2019,68.9934922812035
West Bank and Gaza,PSE,2018,71.4012754506469
West Bank and Gaza,PSE,2017,68.4486607142857
West Bank and Gaza,PSE,2016,65.4225141833383
West Bank and Gaza,PSE,2015,70.7809681944405
"Yemen, Rep.",YEM,2024,
"Yemen, Rep.",YEM,2023,
"Yemen, Rep.",YEM,2022,
"Yemen, Rep.",YEM,2021,
"Yemen, Rep.",YEM,2020,
"Yemen, Rep.",YEM,2019,
"Yemen, Rep.",YEM,2018,56.0778227215077
"Yemen, Rep.",YEM,2017,42.9699046721967
"Yemen, Rep.",YEM,2016,31.0815442908559
"Yemen, Rep.",YEM,2015,30.3676590844637
Zambia,ZMB,2024,62.5348874064443
Zambia,ZMB,2023,78.2418870451485
Zambia,ZMB,2022,69.2973154193203
Zambia,ZMB,2021,86.2085111934645
Zambia,ZMB,2020,79.2068494095955
Zambia,ZMB,2019,68.791204936096
Zambia,ZMB,2018,74.8883695274665
Zambia,ZMB,2017,71.5856946542566
Zambia,ZMB,2016,73.958561254616
Zambia,ZMB,2015,79.8652687573958
Zimbabwe,ZWE,2024,41.5039527238816
Zimbabwe,ZWE,2023,40.2912612046942
Zimbabwe,ZWE,2022,43.6150764298492
Zimbabwe,ZWE,2021,34.9401169482991
Zimbabwe,ZWE,2020,31.8225698755474
Zimbabwe,ZWE,2019,36.5178684980287
Zimbabwe,ZWE,2018,54.55031658746
Zimbabwe,ZWE,2017,55.028317831061
Zimbabwe,ZWE,2016,51.2190376594477
Zimbabwe,ZWE,2015,56.7496526604333
